episode,reward,sim_reward,epsilon,buffer,loss,steps,collisions,checkpoints,laps,truncated,race_finished,best_score,global_step
1,-129.233793,-129.232773,0.981000,2000,0.001945,2000,0,1,1,1,0,-74.232773,2000
2,-139.251392,-139.250687,0.962000,4000,0.002867,2000,0,1,1,1,0,-74.232773,4000
3,-127.789113,-127.788460,0.943000,6000,0.002983,2000,0,1,1,1,0,-72.788460,6000
4,-117.716923,-117.716217,0.924000,8000,0.001975,2000,0,1,1,1,0,-62.716217,8000
5,-151.382189,-151.381882,0.905000,10000,0.001990,2000,0,1,1,1,0,-62.716217,10000
6,-166.907106,-166.907288,0.886000,12000,0.001774,2000,0,1,1,1,0,-62.716217,12000
7,-129.021963,-129.021042,0.867000,14000,0.002087,2000,0,1,1,1,0,-62.716217,14000
8,-164.231025,-164.230988,0.848000,16000,0.001948,2000,0,1,1,1,0,-62.716217,16000
9,-145.970136,-145.969955,0.829000,18000,0.001629,2000,0,1,1,1,0,-62.716217,18000
10,-138.952863,-138.952454,0.810000,20000,0.001623,2000,0,1,1,1,0,-62.716217,20000
11,-655.920177,-655.919312,0.791000,22000,0.005398,2000,427,1,1,1,0,-62.716217,22000
12,-159.885259,-159.885666,0.772000,24000,0.007000,2000,0,1,1,1,0,-62.716217,24000
13,-93.181003,-93.180740,0.753000,26000,0.005353,2000,0,3,1,1,0,-28.180740,26000
14,-147.986332,-147.985870,0.734000,28000,0.005674,2000,0,1,1,1,0,-28.180740,28000
15,-153.678784,-153.678711,0.715000,30000,0.005638,2000,0,1,1,1,0,-28.180740,30000
16,-173.783252,-173.783569,0.696000,32000,0.005460,2000,0,1,1,1,0,-28.180740,32000
17,-153.311789,-153.311981,0.677000,34000,0.005388,2000,0,1,1,1,0,-28.180740,34000
18,-143.498444,-143.498077,0.658000,36000,0.004887,2000,0,1,1,1,0,-28.180740,36000
19,-120.751714,-120.751335,0.639000,38000,0.004589,2000,0,2,1,1,0,-28.180740,38000
20,-152.592870,-152.592850,0.620000,40000,0.004835,2000,0,1,1,1,0,-28.180740,40000
21,-153.336570,-153.336670,0.601000,42000,0.005031,2000,0,1,1,1,0,-28.180740,42000
22,-155.381136,-155.381256,0.582000,44000,0.004846,2000,0,1,1,1,0,-28.180740,44000
23,-118.173894,-118.173004,0.563000,46000,0.006789,2000,0,3,1,1,0,-28.180740,46000
24,-154.876953,-154.877197,0.544000,48000,0.005759,2000,0,1,1,1,0,-28.180740,48000
25,-147.685337,-147.685181,0.525000,50000,0.005352,2000,0,1,1,1,0,-28.180740,50000
26,-144.244427,-144.244339,0.506000,52000,0.005237,2000,0,1,1,1,0,-28.180740,52000
27,-109.983891,-109.983589,0.487000,54000,0.004785,2000,0,3,1,1,0,-28.180740,54000
28,-125.050907,-125.050339,0.468000,56000,0.004862,2000,0,3,1,1,0,-28.180740,56000
29,-158.595218,-158.595306,0.449000,58000,0.005591,2000,0,1,1,1,0,-28.180740,58000
30,-120.841228,-120.840874,0.430000,60000,0.005901,2000,0,3,1,1,0,-28.180740,60000
31,-150.805788,-150.805679,0.411000,62000,0.006287,2000,0,1,1,1,0,-28.180740,62000
32,-109.043522,-109.043304,0.392000,64000,0.005774,2000,0,2,1,1,0,-28.180740,64000
33,-117.694282,-117.693878,0.373000,66000,0.006551,2000,0,1,1,1,0,-28.180740,66000
34,-155.424408,-155.424286,0.354000,68000,0.006749,2000,0,1,1,1,0,-28.180740,68000
35,-158.734400,-158.734207,0.335000,70000,0.007324,2000,0,1,1,1,0,-28.180740,70000
36,-120.365846,-120.365662,0.316000,72000,0.007173,2000,0,3,1,1,0,-28.180740,72000
37,-52.825162,-52.825340,0.297000,74000,0.007113,2000,0,5,1,1,0,22.174660,74000
38,-60.911915,-60.912098,0.278000,76000,0.007852,2000,0,5,1,1,0,22.174660,76000
39,-43.736289,-43.736351,0.259000,78000,0.007279,2000,0,5,1,1,0,31.263649,78000
40,-53.774574,-53.774796,0.240000,80000,0.005989,2000,0,5,1,1,0,31.263649,80000
41,-39.922456,-39.922741,0.221000,82000,0.007790,2000,0,5,1,1,0,35.077259,82000
42,-54.919253,-54.919483,0.202000,84000,0.007264,2000,0,5,1,1,0,35.077259,84000
43,-66.540824,-66.540924,0.183000,86000,0.007253,2000,0,5,1,1,0,35.077259,86000
44,-78.525589,-78.525696,0.164000,88000,0.006959,2000,0,5,1,1,0,35.077259,88000
45,-74.620111,-74.620384,0.145000,90000,0.007289,2000,0,5,1,1,0,35.077259,90000
46,-65.045621,-65.046097,0.126000,92000,0.007875,2000,0,5,1,1,0,35.077259,92000
47,-77.478241,-77.478500,0.107000,94000,0.007170,2000,0,5,1,1,0,35.077259,94000
48,-65.799541,-65.799973,0.088000,96000,0.008882,2000,0,5,1,1,0,35.077259,96000
49,-8.545116,-8.545325,0.069000,98000,0.008414,2000,0,8,2,1,0,131.454675,98000
50,134.087573,134.087769,0.050000,100000,0.008727,2000,0,15,3,1,0,359.087769,100000
51,74.064225,74.064301,0.050000,100000,0.008829,2000,0,12,2,1,0,359.087769,102000
52,76.532269,76.532219,0.050000,100000,0.008241,2000,0,10,2,1,0,359.087769,104000
53,145.693163,145.693130,0.050000,100000,0.009619,2000,0,16,3,1,0,375.693130,106000
54,59.784607,59.785168,0.050000,100000,0.009044,2000,0,12,2,1,0,375.693130,108000
55,-66.160875,-66.161255,0.050000,100000,0.009022,2000,0,5,1,1,0,375.693130,110000
56,63.964806,63.965054,0.050000,100000,0.008648,2000,0,12,2,1,0,375.693130,112000
57,82.482471,82.482567,0.050000,100000,0.008851,2000,0,12,2,1,0,375.693130,114000
58,70.643776,70.643913,0.050000,100000,0.009810,2000,0,12,2,1,0,375.693130,116000
59,74.657904,74.657936,0.050000,100000,0.009730,2000,0,12,2,1,0,375.693130,118000
60,140.251040,140.251022,0.050000,100000,0.009934,2000,0,15,3,1,0,375.693130,120000
61,92.805447,92.805611,0.050000,100000,0.008998,2000,0,12,2,1,0,375.693130,122000
62,162.722233,162.722290,0.050000,100000,0.007641,2000,0,18,3,1,0,402.722290,124000
63,144.810159,144.810287,0.050000,100000,0.009303,2000,0,16,3,1,0,402.722290,126000
64,107.476132,107.476189,0.050000,100000,0.009330,2000,0,13,2,1,0,402.722290,128000
65,21.698626,21.698507,0.050000,100000,0.009874,2000,0,6,1,1,0,402.722290,130000
66,158.194315,158.194168,0.050000,100000,0.009180,2000,0,17,3,1,0,402.722290,132000
67,-16.213497,-16.213499,0.050000,100000,0.010672,2000,0,1,1,1,0,402.722290,134000
68,48.304771,48.304756,0.050000,100000,0.011308,2000,0,6,1,1,0,402.722290,136000
69,-76.201505,-76.201851,0.050000,100000,0.011812,2000,0,5,1,1,0,402.722290,138000
70,143.662285,143.662323,0.050000,100000,0.012286,2000,0,16,3,1,0,402.722290,140000
71,71.522650,71.523102,0.050000,100000,0.011976,2000,0,12,2,1,0,402.722290,142000
72,-64.351431,-64.351913,0.050000,100000,0.012137,2000,0,6,1,1,0,402.722290,144000
73,-62.100269,-62.100666,0.050000,100000,0.011963,2000,0,5,1,1,0,402.722290,146000
74,-32.191724,-32.191772,0.050000,100000,0.012061,2000,0,5,1,1,0,402.722290,148000
75,152.897531,152.897537,0.050000,100000,0.012654,2000,0,17,3,1,0,402.722290,150000
76,85.494581,85.494621,0.050000,100000,0.013624,2000,0,9,2,1,0,402.722290,152000
77,149.524171,149.524063,0.050000,100000,0.013549,2000,0,17,3,1,0,402.722290,154000
78,162.908996,162.909027,0.050000,100000,0.013264,2000,0,18,3,1,0,402.909027,156000
79,163.008558,163.008606,0.050000,100000,0.014144,2000,0,18,3,1,0,403.008606,158000
80,143.282295,143.282303,0.050000,100000,0.012601,2000,0,15,3,1,0,403.008606,160000
81,-331.307665,-331.304108,0.050000,100000,0.014005,2000,208,5,1,1,0,403.008606,162000
82,-33.509204,-33.509510,0.050000,100000,0.015158,2000,0,5,1,1,0,403.008606,164000
83,-82.335594,-82.335739,0.050000,100000,0.014210,2000,0,5,1,1,0,403.008606,166000
84,156.502426,156.502426,0.050000,100000,0.014116,2000,0,17,3,1,0,403.008606,168000
85,159.924413,159.924438,0.050000,100000,0.014486,2000,0,17,3,1,0,403.008606,170000
86,157.251114,157.251022,0.050000,100000,0.015433,2000,0,17,3,1,0,403.008606,172000
87,162.012888,162.012970,0.050000,100000,0.014284,2000,0,18,3,1,0,403.008606,174000
88,154.625247,154.625320,0.050000,100000,0.014641,2000,0,17,3,1,0,403.008606,176000
89,57.622515,57.622963,0.050000,100000,0.014554,2000,0,12,2,1,0,403.008606,178000
90,107.242114,107.242096,0.050000,100000,0.015455,2000,0,12,2,1,0,403.008606,180000
91,146.009878,146.010086,0.050000,100000,0.016612,2000,0,17,3,1,0,403.008606,182000
92,56.395750,56.396736,0.050000,100000,0.015670,2000,1,12,2,1,0,403.008606,184000
93,159.190199,159.190216,0.050000,100000,0.014781,2000,0,18,3,1,0,403.008606,186000
94,54.672599,54.673523,0.050000,100000,0.014604,2000,0,12,2,1,0,403.008606,188000
95,50.659692,50.660755,0.050000,100000,0.015963,2000,0,12,2,1,0,403.008606,190000
96,-91.204286,-91.204147,0.050000,100000,0.015070,2000,0,5,1,1,0,403.008606,192000
97,60.998773,60.999825,0.050000,100000,0.015751,2000,0,12,2,1,0,403.008606,194000
98,-90.564092,-90.563980,0.050000,100000,0.015376,2000,0,5,1,1,0,403.008606,196000
99,-148.123945,-148.123489,0.050000,100000,0.013920,2000,0,1,1,1,0,403.008606,198000
100,-83.946254,-83.946327,0.050000,100000,0.015729,2000,0,5,1,1,0,403.008606,200000
101,138.675679,138.675552,0.050000,100000,0.014012,2000,0,16,3,1,0,403.008606,202000
102,-388.685742,-388.678375,0.050000,100000,0.014271,2000,249,5,1,1,0,403.008606,204000
103,28.648460,28.648449,0.050000,100000,0.014824,2000,0,3,1,1,0,403.008606,206000
104,-85.671927,-85.672012,0.050000,100000,0.014531,2000,0,5,1,1,0,403.008606,208000
105,-92.133553,-92.133362,0.050000,100000,0.015573,2000,0,5,1,1,0,403.008606,210000
106,50.358565,50.359184,0.050000,100000,0.015089,2000,0,12,2,1,0,403.008606,212000
107,-95.645827,-95.645523,0.050000,100000,0.015176,2000,1,5,1,1,0,403.008606,214000
108,151.212536,151.212463,0.050000,100000,0.014862,2000,0,17,3,1,0,403.008606,216000
109,155.989214,155.989243,0.050000,100000,0.014154,2000,0,17,3,1,0,403.008606,218000
110,134.714835,134.714874,0.050000,100000,0.014850,2000,0,15,3,1,0,403.008606,220000
111,156.320877,156.320892,0.050000,100000,0.015682,2000,0,18,3,1,0,403.008606,222000
112,-100.290878,-100.290321,0.050000,100000,0.014567,2000,0,4,1,1,0,403.008606,224000
113,157.544573,157.544525,0.050000,100000,0.014178,2000,0,18,3,1,0,403.008606,226000
114,149.806414,149.806381,0.050000,100000,0.014897,2000,0,17,3,1,0,403.008606,228000
115,149.877292,149.877335,0.050000,100000,0.015181,2000,0,17,3,1,0,403.008606,230000
116,-146.217712,-146.217392,0.050000,100000,0.015804,2000,0,1,1,1,0,403.008606,232000
117,-4.310431,-4.310959,0.050000,100000,0.015133,2000,0,8,2,1,0,403.008606,234000
118,154.093000,154.092834,0.050000,100000,0.013624,2000,0,18,3,1,0,403.008606,236000
119,143.003942,143.004013,0.050000,100000,0.014148,2000,0,16,3,1,0,403.008606,238000
120,169.630722,169.630646,0.050000,100000,0.015233,2000,0,19,3,1,0,414.630646,240000
121,-3.719336,-3.719348,0.050000,100000,0.013186,2000,0,9,2,1,0,414.630646,242000
122,164.847775,164.847656,0.050000,100000,0.012621,2000,0,18,3,1,0,414.630646,244000
123,-166.942976,-166.943420,0.050000,100000,0.013659,2000,0,1,1,1,0,414.630646,246000
124,160.280016,160.279907,0.050000,100000,0.014256,2000,0,18,3,1,0,414.630646,248000
125,165.145030,165.145126,0.050000,100000,0.012724,2000,0,18,3,1,0,414.630646,250000
126,82.839745,82.839798,0.050000,100000,0.011525,2000,0,11,2,1,0,414.630646,252000
127,-115.296018,-115.295174,0.050000,100000,0.014298,2000,0,4,1,1,0,414.630646,254000
128,-112.594939,-112.594543,0.050000,100000,0.012571,2000,0,4,1,1,0,414.630646,256000
129,97.689924,97.690063,0.050000,100000,0.011386,2000,0,10,2,1,0,414.630646,258000
130,-171.126053,-171.127792,0.050000,100000,0.012208,2000,0,1,1,1,0,414.630646,260000
131,165.930046,165.930252,0.050000,100000,0.011761,2000,0,18,3,1,0,414.630646,262000
132,162.033294,162.033310,0.050000,100000,0.011062,2000,0,18,3,1,0,414.630646,264000
133,161.030196,161.030319,0.050000,100000,0.011848,2000,0,18,3,1,0,414.630646,266000
134,-72.404205,-72.404594,0.050000,100000,0.013361,2000,0,5,1,1,0,414.630646,268000
135,-63.480520,-63.480896,0.050000,100000,0.011560,2000,0,4,1,1,0,414.630646,270000
136,168.505157,168.505219,0.050000,100000,0.011666,2000,0,19,3,1,0,414.630646,272000
137,105.163888,105.163849,0.050000,100000,0.011824,2000,0,11,2,1,0,414.630646,274000
138,159.294820,159.294556,0.050000,100000,0.012402,2000,0,18,3,1,0,414.630646,276000
139,143.223101,143.223038,0.050000,100000,0.011115,2000,0,17,3,1,0,414.630646,278000
140,172.085936,172.086014,0.050000,100000,0.011719,2000,0,19,3,1,0,417.086014,280000
141,102.120012,102.119972,0.050000,100000,0.012684,2000,0,12,2,1,0,417.086014,282000
142,160.543049,160.542892,0.050000,100000,0.012215,2000,0,18,3,1,0,417.086014,284000
143,142.180706,142.180740,0.050000,100000,0.011282,2000,0,16,3,1,0,417.086014,286000
144,50.253634,50.254402,0.050000,100000,0.012657,2000,0,12,2,1,0,417.086014,288000
145,169.818011,169.818069,0.050000,100000,0.012200,2000,0,19,3,1,0,417.086014,290000
146,158.259452,158.259583,0.050000,100000,0.013636,2000,0,18,3,1,0,417.086014,292000
147,161.344100,161.344254,0.050000,100000,0.012723,2000,0,18,3,1,0,417.086014,294000
148,138.784435,138.784042,0.050000,100000,0.012525,2000,0,17,3,1,0,417.086014,296000
149,163.076411,163.076492,0.050000,100000,0.012065,2000,0,18,3,1,0,417.086014,298000
150,158.059314,158.059265,0.050000,100000,0.012520,2000,0,18,3,1,0,417.086014,300000
151,159.359559,159.359741,0.050000,100000,0.012480,2000,0,18,3,1,0,417.086014,302000
152,165.561218,165.561249,0.050000,100000,0.010180,2000,0,19,3,1,0,417.086014,304000
153,159.504371,159.504364,0.050000,100000,0.010232,2000,0,18,3,1,0,417.086014,306000
154,-597.740824,-597.750793,0.050000,100000,0.011541,2000,382,3,1,1,0,417.086014,308000
155,156.191369,156.191116,0.050000,100000,0.012857,2000,0,17,3,1,0,417.086014,310000
156,155.683014,155.682846,0.050000,100000,0.011343,2000,0,17,3,1,0,417.086014,312000
157,170.173287,170.173294,0.050000,100000,0.010622,2000,0,19,3,1,0,417.086014,314000
158,163.109167,163.109192,0.050000,100000,0.010224,2000,0,18,3,1,0,417.086014,316000
159,161.059124,161.059204,0.050000,100000,0.010905,2000,0,18,3,1,0,417.086014,318000
160,170.771954,170.772003,0.050000,100000,0.010529,2000,0,19,3,1,0,417.086014,320000
161,70.252519,70.252472,0.050000,100000,0.010304,2000,0,7,1,1,0,417.086014,322000
162,148.862081,148.862137,0.050000,100000,0.011969,2000,0,17,3,1,0,417.086014,324000
163,169.650571,169.650375,0.050000,100000,0.010881,2000,0,19,3,1,0,417.086014,326000
164,158.126708,158.126923,0.050000,100000,0.011799,2000,0,18,3,1,0,417.086014,328000
165,170.106356,170.106323,0.050000,100000,0.011554,2000,0,19,3,1,0,417.086014,330000
166,94.700510,94.700592,0.050000,100000,0.010757,2000,0,10,2,1,0,417.086014,332000
167,103.719959,103.719940,0.050000,100000,0.011281,2000,0,11,2,1,0,417.086014,334000
168,172.379004,172.378983,0.050000,100000,0.010237,2000,0,19,3,1,0,417.378983,336000
169,159.827749,159.827927,0.050000,100000,0.010351,2000,0,18,3,1,0,417.378983,338000
170,161.712512,161.712540,0.050000,100000,0.010421,2000,0,18,3,1,0,417.378983,340000
171,-143.599766,-143.599060,0.050000,100000,0.010631,2000,1,3,1,1,0,417.378983,342000
172,71.439448,71.439407,0.050000,100000,0.011024,2000,51,17,3,1,0,417.378983,344000
173,161.313295,161.313171,0.050000,100000,0.011221,2000,0,19,3,1,0,417.378983,346000
174,135.494262,135.494263,0.050000,100000,0.011642,2000,0,17,3,1,0,417.378983,348000
175,167.682481,167.682510,0.050000,100000,0.010937,2000,0,19,3,1,0,417.378983,350000
176,-10.900307,-10.900303,0.050000,100000,0.011325,2000,0,10,2,1,0,417.378983,352000
177,98.763363,98.763344,0.050000,100000,0.010982,2000,0,12,2,1,0,417.378983,354000
178,-124.237999,-124.237328,0.050000,100000,0.010679,2000,0,4,1,1,0,417.378983,356000
179,163.216073,163.216003,0.050000,100000,0.012105,2000,0,18,3,1,0,417.378983,358000
180,-47.340839,-47.341282,0.050000,100000,0.012291,2000,0,5,1,1,0,417.378983,360000
181,-349.060630,-349.060974,0.050000,100000,0.012836,2000,298,7,1,1,0,417.378983,362000
182,152.108814,152.108734,0.050000,100000,0.012847,2000,0,17,3,1,0,417.378983,364000
183,153.688290,153.688416,0.050000,100000,0.013492,2000,0,17,3,1,0,417.378983,366000
184,-98.723548,-98.723701,0.050000,100000,0.012320,2000,0,4,1,1,0,417.378983,368000
185,150.822041,150.822037,0.050000,100000,0.012751,2000,0,17,3,1,0,417.378983,370000
186,156.766356,156.766220,0.050000,100000,0.012332,2000,0,18,3,1,0,417.378983,372000
187,166.722518,166.722504,0.050000,100000,0.012110,2000,0,19,3,1,0,417.378983,374000
188,166.453619,166.453568,0.050000,100000,0.013899,2000,0,19,3,1,0,417.378983,376000
189,170.533087,170.533096,0.050000,100000,0.013181,2000,0,19,3,1,0,417.378983,378000
190,159.040078,159.040192,0.050000,100000,0.011854,2000,0,18,3,1,0,417.378983,380000
191,173.896363,173.896423,0.050000,100000,0.012287,2000,0,19,3,1,0,418.896423,382000
192,168.820969,168.821136,0.050000,100000,0.011768,2000,0,19,3,1,0,418.896423,384000
193,156.514707,156.514679,0.050000,100000,0.012299,2000,0,18,3,1,0,418.896423,386000
194,144.099725,144.101074,0.050000,100000,0.011134,2000,0,16,3,1,0,418.896423,388000
195,160.820232,160.820221,0.050000,100000,0.010644,2000,0,18,3,1,0,418.896423,390000
196,169.274990,169.274887,0.050000,100000,0.013637,2000,0,19,3,1,0,418.896423,392000
197,168.156906,168.156876,0.050000,100000,0.010826,2000,0,19,3,1,0,418.896423,394000
198,169.749556,169.749588,0.050000,100000,0.011262,2000,0,19,3,1,0,418.896423,396000
199,-84.810098,-84.810371,0.050000,100000,0.011937,2000,0,5,1,1,0,418.896423,398000
200,158.747109,158.747284,0.050000,100000,0.010533,2000,0,18,3,1,0,418.896423,400000
201,77.986274,77.986267,0.050000,100000,0.011214,2000,0,12,2,1,0,418.896423,402000
202,30.794971,30.794971,0.050000,100000,0.011112,2000,0,5,1,1,0,418.896423,404000
203,169.998278,169.998260,0.050000,100000,0.011884,2000,0,19,3,1,0,418.896423,406000
204,167.020221,167.020187,0.050000,100000,0.011486,2000,0,19,3,1,0,418.896423,408000
205,89.875947,89.875938,0.050000,100000,0.010898,2000,0,10,2,1,0,418.896423,410000
206,47.447392,47.447353,0.050000,100000,0.011233,2000,0,7,1,1,0,418.896423,412000
207,161.186854,161.186874,0.050000,100000,0.011799,2000,0,19,3,1,0,418.896423,414000
208,-35.766517,-35.766941,0.050000,100000,0.010801,2000,0,8,2,1,0,418.896423,416000
209,163.146468,163.146637,0.050000,100000,0.012853,2000,0,19,3,1,0,418.896423,418000
210,154.912685,154.912582,0.050000,100000,0.011806,2000,0,18,3,1,0,418.896423,420000
211,83.299251,83.299332,0.050000,100000,0.011434,2000,0,9,2,1,0,418.896423,422000
212,94.811020,94.810890,0.050000,100000,0.012498,2000,0,12,2,1,0,418.896423,424000
213,161.672667,161.672684,0.050000,100000,0.011888,2000,0,19,3,1,0,418.896423,426000
214,160.996266,160.996231,0.050000,100000,0.012151,2000,0,19,3,1,0,418.896423,428000
215,89.790690,89.790718,0.050000,100000,0.012596,2000,0,9,2,1,0,418.896423,430000
216,164.283217,164.283325,0.050000,100000,0.012007,2000,0,19,3,1,0,418.896423,432000
217,-93.314851,-93.314476,0.050000,100000,0.011167,2000,0,2,1,1,0,418.896423,434000
218,-39.348621,-39.348862,0.050000,100000,0.013117,2000,1,2,1,1,0,418.896423,436000
219,169.807785,169.807602,0.050000,100000,0.011186,2000,0,19,3,1,0,418.896423,438000
220,147.883906,147.883942,0.050000,100000,0.010812,2000,0,17,3,1,0,418.896423,440000
221,159.442145,159.442291,0.050000,100000,0.011034,2000,0,18,3,1,0,418.896423,442000
222,155.426127,155.426056,0.050000,100000,0.011807,2000,0,17,3,1,0,418.896423,444000
223,-165.459303,-165.459747,0.050000,100000,0.011376,2000,0,1,1,1,0,418.896423,446000
224,171.680885,171.681015,0.050000,100000,0.011394,2000,0,19,3,1,0,418.896423,448000
225,18.598404,18.598907,0.050000,100000,0.011539,2000,0,11,2,1,0,418.896423,450000
226,-128.284445,-128.283371,0.050000,100000,0.010942,2000,0,3,1,1,0,418.896423,452000
227,171.815388,171.815643,0.050000,100000,0.010874,2000,0,19,3,1,0,418.896423,454000
228,166.766090,166.766068,0.050000,100000,0.009424,2000,0,19,3,1,0,418.896423,456000
229,165.171019,165.170975,0.050000,100000,0.009818,2000,0,18,3,1,0,418.896423,458000
230,31.559002,31.559601,0.050000,100000,0.010194,2000,0,12,2,1,0,418.896423,460000
231,166.850988,166.851074,0.050000,100000,0.011032,2000,0,19,3,1,0,418.896423,462000
232,158.992494,158.992401,0.050000,100000,0.010059,2000,0,18,3,1,0,418.896423,464000
233,78.746900,78.746796,0.050000,100000,0.010790,2000,0,12,2,1,0,418.896423,466000
234,91.578100,91.578560,0.050000,100000,0.010648,2000,0,13,2,1,0,418.896423,468000
235,153.421782,153.421707,0.050000,100000,0.012404,2000,0,17,3,1,0,418.896423,470000
236,61.229420,61.229763,0.050000,100000,0.010633,2000,0,13,2,1,0,418.896423,472000
237,165.459720,165.459564,0.050000,100000,0.010743,2000,0,18,3,1,0,418.896423,474000
238,88.763587,88.763573,0.050000,100000,0.010003,2000,0,12,2,1,0,418.896423,476000
239,162.093871,162.093750,0.050000,100000,0.012261,2000,0,18,3,1,0,418.896423,478000
240,160.026416,160.026215,0.050000,100000,0.010998,2000,0,18,3,1,0,418.896423,480000
241,2.748707,2.748487,0.050000,100000,0.013140,2000,0,4,1,1,0,418.896423,482000
242,170.741295,170.741348,0.050000,100000,0.011370,2000,0,19,3,1,0,418.896423,484000
243,167.108428,167.108368,0.050000,100000,0.010559,2000,0,19,3,1,0,418.896423,486000
244,-53.196273,-53.196690,0.050000,100000,0.011721,2000,1,5,1,1,0,418.896423,488000
245,152.471175,152.471176,0.050000,100000,0.011585,2000,0,18,3,1,0,418.896423,490000
246,-88.277814,-88.277550,0.050000,100000,0.013068,2000,0,4,1,1,0,418.896423,492000
247,87.323182,87.323250,0.050000,100000,0.010465,2000,0,12,2,1,0,418.896423,494000
248,26.842159,26.842081,0.050000,100000,0.010986,2000,0,5,1,1,0,418.896423,496000
249,-159.821877,-159.821121,0.050000,100000,0.011597,2000,0,0,0,1,0,418.896423,498000
250,143.365584,143.365616,0.050000,100000,0.012258,2000,0,17,3,1,0,418.896423,500000
251,44.602076,44.602604,0.050000,100000,0.011171,2000,0,12,2,1,0,418.896423,502000
252,70.420007,70.420341,0.050000,100000,0.011404,2000,0,12,2,1,0,418.896423,504000
253,-63.114891,-63.115086,0.050000,100000,0.012050,2000,0,4,1,1,0,418.896423,506000
254,51.692777,51.693451,0.050000,100000,0.011185,2000,0,11,2,1,0,418.896423,508000
255,-179.766404,-179.768936,0.050000,100000,0.012216,2000,0,0,0,1,0,418.896423,510000
256,-12.321152,-12.321511,0.050000,100000,0.011888,2000,0,9,2,1,0,418.896423,512000
257,108.657438,108.657761,0.050000,100000,0.011465,2000,1,15,3,1,0,418.896423,514000
258,-175.864662,-175.863831,0.050000,100000,0.012562,2000,0,0,0,1,0,418.896423,516000
259,-139.220766,-139.219833,0.050000,100000,0.012738,2000,0,0,0,1,0,418.896423,518000
260,-142.821083,-142.820129,0.050000,100000,0.012541,2000,53,5,1,1,0,418.896423,520000
261,-22.758842,-22.758917,0.050000,100000,0.013580,2000,0,0,0,1,0,418.896423,522000
262,107.758688,107.759064,0.050000,100000,0.012040,2000,0,15,3,1,0,418.896423,524000
263,154.922104,154.922272,0.050000,100000,0.011502,2000,0,18,3,1,0,418.896423,526000
264,9.449143,9.449139,0.050000,100000,0.013491,2000,0,5,1,1,0,418.896423,528000
265,109.042301,109.042259,0.050000,100000,0.012346,2000,0,13,2,1,0,418.896423,530000
266,99.363375,99.363220,0.050000,100000,0.012021,2000,0,13,2,1,0,418.896423,532000
267,152.354549,152.354630,0.050000,100000,0.015692,2000,0,17,3,1,0,418.896423,534000
268,140.339139,140.339081,0.050000,100000,0.012746,2000,1,17,3,1,0,418.896423,536000
269,8.373439,8.373390,0.050000,100000,0.014294,2000,0,10,2,1,0,418.896423,538000
270,136.594397,136.594162,0.050000,100000,0.014156,2000,0,17,3,1,0,418.896423,540000
271,150.832155,150.832214,0.050000,100000,0.014506,2000,0,17,3,1,0,418.896423,542000
272,152.837430,152.837448,0.050000,100000,0.014106,2000,0,18,3,1,0,418.896423,544000
273,14.422036,14.422324,0.050000,100000,0.014499,2000,0,11,2,1,0,418.896423,546000
274,-142.017683,-142.018036,0.050000,100000,0.015316,2000,40,5,1,1,0,418.896423,548000
275,46.368505,46.369217,0.050000,100000,0.014838,2000,1,12,2,1,0,418.896423,550000
276,157.245089,157.244888,0.050000,100000,0.014852,2000,0,18,3,1,0,418.896423,552000
277,148.334307,148.334442,0.050000,100000,0.014814,2000,0,16,3,1,0,418.896423,554000
278,92.135872,92.135895,0.050000,100000,0.015056,2000,0,12,2,1,0,418.896423,556000
279,-28.343305,-28.343498,0.050000,100000,0.016031,2000,0,5,1,1,0,418.896423,558000
280,59.693640,59.694260,0.050000,100000,0.015985,2000,0,11,2,1,0,418.896423,560000
281,-12.921748,-12.921733,0.050000,100000,0.016803,2000,0,6,1,1,0,418.896423,562000
282,79.556340,79.556274,0.050000,100000,0.017078,2000,0,11,2,1,0,418.896423,564000
283,30.259812,30.259727,0.050000,100000,0.016086,2000,0,6,1,1,0,418.896423,566000
284,145.806956,145.807114,0.050000,100000,0.016887,2000,0,16,3,1,0,418.896423,568000
285,153.741460,153.741272,0.050000,100000,0.015445,2000,0,17,3,1,0,418.896423,570000
286,27.431772,27.431728,0.050000,100000,0.014767,2000,0,6,1,1,0,418.896423,572000
287,2.336932,2.336874,0.050000,100000,0.014717,2000,0,3,1,1,0,418.896423,574000
288,152.804541,152.804504,0.050000,100000,0.015631,2000,0,17,3,1,0,418.896423,576000
289,10.486875,10.486628,0.050000,100000,0.015610,2000,0,10,2,1,0,418.896423,578000
290,-75.148299,-75.148399,0.050000,100000,0.015784,2000,0,4,1,1,0,418.896423,580000
291,-113.112431,-113.112114,0.050000,100000,0.017126,2000,0,3,1,1,0,418.896423,582000
292,156.564096,156.564270,0.050000,100000,0.015749,2000,0,18,3,1,0,418.896423,584000
293,138.831730,138.831924,0.050000,100000,0.014203,2000,0,16,3,1,0,418.896423,586000
294,-119.281103,-119.279823,0.050000,100000,0.015295,2000,0,3,1,1,0,418.896423,588000
295,50.469429,50.469501,0.050000,100000,0.017282,2000,0,12,2,1,0,418.896423,590000
296,-119.402931,-119.401779,0.050000,100000,0.014772,2000,0,0,0,1,0,418.896423,592000
297,35.383533,35.383522,0.050000,100000,0.016485,2000,0,5,1,1,0,418.896423,594000
298,38.249096,38.249229,0.050000,100000,0.015808,2000,0,11,2,1,0,418.896423,596000
299,83.278372,83.278313,0.050000,100000,0.014459,2000,0,11,2,1,0,418.896423,598000
300,-30.542474,-30.542542,0.050000,100000,0.016398,2000,0,5,1,1,0,418.896423,600000
301,44.201808,44.202682,0.050000,100000,0.014014,2000,0,12,2,1,0,418.896423,602000
302,-121.754191,-121.753304,0.050000,100000,0.014069,2000,0,4,1,1,0,418.896423,604000
303,17.557600,17.557549,0.050000,100000,0.014887,2000,0,5,1,1,0,418.896423,606000
304,159.301205,159.301132,0.050000,100000,0.013804,2000,0,18,3,1,0,418.896423,608000
305,162.821527,162.821671,0.050000,100000,0.015045,2000,0,18,3,1,0,418.896423,610000
306,-187.905796,-187.907913,0.050000,100000,0.014808,2000,140,8,2,1,0,418.896423,612000
307,-1129.910361,-1129.881104,0.050000,100000,0.015085,2000,837,2,1,1,0,418.896423,614000
308,32.089996,32.090439,0.050000,100000,0.017005,2000,0,11,2,1,0,418.896423,616000
309,-93.929282,-93.929428,0.050000,100000,0.015534,2000,0,4,1,1,0,418.896423,618000
310,-77.496278,-77.496597,0.050000,100000,0.016281,2000,0,5,1,1,0,418.896423,620000
311,-127.150182,-127.148766,0.050000,100000,0.016213,2000,0,2,1,1,0,418.896423,622000
312,-140.618741,-140.617981,0.050000,100000,0.013217,2000,0,2,1,1,0,418.896423,624000
313,-328.862154,-328.860840,0.050000,100000,0.015583,2000,147,2,1,1,0,418.896423,626000
314,-143.825943,-143.825302,0.050000,100000,0.016218,2000,0,3,1,1,0,418.896423,628000
315,-139.518012,-139.517181,0.050000,100000,0.014856,2000,0,3,1,1,0,418.896423,630000
316,-161.177498,-161.177704,0.050000,100000,0.015266,2000,0,1,1,1,0,418.896423,632000
317,-137.741576,-137.740601,0.050000,100000,0.015842,2000,0,3,1,1,0,418.896423,634000
318,-153.288250,-153.288254,0.050000,100000,0.016569,2000,0,1,1,1,0,418.896423,636000
319,-151.692437,-151.692215,0.050000,100000,0.014056,2000,0,1,1,1,0,418.896423,638000
320,-159.787382,-159.787537,0.050000,100000,0.015557,2000,0,1,1,1,0,418.896423,640000
321,-152.131302,-152.131027,0.050000,100000,0.016849,2000,0,2,1,1,0,418.896423,642000
322,-64.240485,-64.240509,0.050000,100000,0.017526,2000,0,2,1,1,0,418.896423,644000
323,-554.012791,-554.019226,0.050000,100000,0.019765,2000,398,5,1,1,0,418.896423,646000
324,-76.896194,-76.896446,0.050000,100000,0.019652,2000,0,5,1,1,0,418.896423,648000
325,-127.797032,-127.795937,0.050000,100000,0.020408,2000,38,5,1,1,0,418.896423,650000
326,-51.452477,-51.452755,0.050000,100000,0.021612,2000,0,6,1,1,0,418.896423,652000
327,-40.129480,-40.129623,0.050000,100000,0.023213,2000,0,6,1,1,0,418.896423,654000
328,-41.440227,-41.440247,0.050000,100000,0.024141,2000,0,6,1,1,0,418.896423,656000
329,-119.502549,-119.501511,0.050000,100000,0.022340,2000,0,3,1,1,0,418.896423,658000
330,-106.658015,-106.658218,0.050000,100000,0.025945,2000,0,4,1,1,0,418.896423,660000
331,-86.324924,-86.324982,0.050000,100000,0.022867,2000,0,5,1,1,0,418.896423,662000
332,-87.414699,-87.414703,0.050000,100000,0.022672,2000,0,5,1,1,0,418.896423,664000
333,-101.615824,-101.615837,0.050000,100000,0.024410,2000,0,1,1,1,0,418.896423,666000
334,-157.139879,-157.139847,0.050000,100000,0.025524,2000,0,1,1,1,0,418.896423,668000
335,-136.600094,-136.599121,0.050000,100000,0.026606,2000,1,3,1,1,0,418.896423,670000
336,-155.246212,-155.246124,0.050000,100000,0.026037,2000,0,1,1,1,0,418.896423,672000
337,-153.558840,-153.558670,0.050000,100000,0.027211,2000,0,1,1,1,0,418.896423,674000
338,-136.739287,-136.738251,0.050000,100000,0.026398,2000,1,3,1,1,0,418.896423,676000
339,-134.607783,-134.606674,0.050000,100000,0.026807,2000,1,3,1,1,0,418.896423,678000
340,-95.171951,-95.171738,0.050000,100000,0.027602,2000,0,4,1,1,0,418.896423,680000
341,-76.709840,-76.710136,0.050000,100000,0.026707,2000,0,4,1,1,0,418.896423,682000
342,-134.894270,-134.893234,0.050000,100000,0.028323,2000,0,3,1,1,0,418.896423,684000
343,-133.717037,-133.715927,0.050000,100000,0.026768,2000,0,3,1,1,0,418.896423,686000
344,-508.928175,-508.918640,0.050000,100000,0.026064,2000,307,3,1,1,0,418.896423,688000
345,-144.317918,-144.317337,0.050000,100000,0.026500,2000,1,3,1,1,0,418.896423,690000
346,-141.532174,-141.531418,0.050000,100000,0.027621,2000,0,3,1,1,0,418.896423,692000
347,-143.577212,-143.576569,0.050000,100000,0.026880,2000,0,3,1,1,0,418.896423,694000
348,-105.400830,-105.400154,0.050000,100000,0.025861,2000,0,4,1,1,0,418.896423,696000
349,-139.766819,-139.765961,0.050000,100000,0.024710,2000,1,3,1,1,0,418.896423,698000
350,-143.651054,-143.650360,0.050000,100000,0.025651,2000,1,3,1,1,0,418.896423,700000
351,-100.449977,-100.449364,0.050000,100000,0.022714,2000,0,3,1,1,0,418.896423,702000
352,-159.872766,-159.872635,0.050000,100000,0.023282,2000,15,3,1,1,0,418.896423,704000
353,-144.802649,-144.802032,0.050000,100000,0.023649,2000,1,3,1,1,0,418.896423,706000
354,-141.964969,-141.964264,0.050000,100000,0.022763,2000,1,3,1,1,0,418.896423,708000
355,-136.248561,-136.247528,0.050000,100000,0.022499,2000,1,3,1,1,0,418.896423,710000
356,-145.493430,-145.493149,0.050000,100000,0.022506,2000,0,2,1,1,0,418.896423,712000
357,33.626923,33.626862,0.050000,100000,0.019818,2000,0,5,1,1,0,418.896423,714000
358,-1386.090383,-1386.079224,0.050000,100000,0.020483,2000,1043,3,1,1,0,418.896423,716000
359,-145.728597,-145.728073,0.050000,100000,0.021622,2000,0,2,1,1,0,418.896423,718000
360,-143.590974,-143.590332,0.050000,100000,0.020117,2000,0,2,1,1,0,418.896423,720000
361,-9.772002,-9.772103,0.050000,100000,0.019506,2000,0,2,1,1,0,418.896423,722000
362,116.976047,116.976089,0.050000,100000,0.020010,2000,0,13,2,1,0,418.896423,724000
363,-96.769709,-96.769592,0.050000,100000,0.022746,2000,0,4,1,1,0,418.896423,726000
364,-82.813786,-82.813705,0.050000,100000,0.019393,2000,0,4,1,1,0,418.896423,728000
365,70.642771,70.643829,0.050000,100000,0.021361,2000,0,12,2,1,0,418.896423,730000
366,2.838203,2.838108,0.050000,100000,0.019551,2000,0,3,1,1,0,418.896423,732000
367,-7.351097,-7.351266,0.050000,100000,0.022387,2000,0,3,1,1,0,418.896423,734000
368,-101.424110,-101.423454,0.050000,100000,0.019709,2000,0,3,1,1,0,418.896423,736000
369,133.197739,133.197647,0.050000,100000,0.020764,2000,0,15,3,1,0,418.896423,738000
370,85.080743,85.080887,0.050000,100000,0.020918,2000,0,10,2,1,0,418.896423,740000
371,-24.154674,-24.154976,0.050000,100000,0.020821,2000,0,6,1,1,0,418.896423,742000
372,15.195299,15.195263,0.050000,100000,0.021557,2000,0,4,1,1,0,418.896423,744000
373,31.492318,31.492300,0.050000,100000,0.019793,2000,0,5,1,1,0,418.896423,746000
374,24.618726,24.618681,0.050000,100000,0.019341,2000,0,5,1,1,0,418.896423,748000
375,-64.573959,-64.574608,0.050000,100000,0.020937,2000,0,6,1,1,0,418.896423,750000
376,55.732001,55.731998,0.050000,100000,0.019577,2000,0,6,1,1,0,418.896423,752000
377,127.459989,127.459961,0.050000,100000,0.018899,2000,0,14,2,1,0,418.896423,754000
378,108.349012,108.348976,0.050000,100000,0.020679,2000,0,12,2,1,0,418.896423,756000
379,10.613699,10.613583,0.050000,100000,0.019804,2000,0,4,1,1,0,418.896423,758000
380,-57.996014,-57.996254,0.050000,100000,0.022487,2000,0,4,1,1,0,418.896423,760000
381,-4.950800,-4.950898,0.050000,100000,0.021285,2000,1,3,1,1,0,418.896423,762000
382,69.080733,69.080711,0.050000,100000,0.021214,2000,0,8,2,1,0,418.896423,764000
383,-51.829807,-51.829826,0.050000,100000,0.021583,2000,0,3,1,1,0,418.896423,766000
384,18.784634,18.784517,0.050000,100000,0.021400,2000,0,4,1,1,0,418.896423,768000
385,10.310825,10.310674,0.050000,100000,0.022755,2000,0,4,1,1,0,418.896423,770000
386,-85.096906,-85.096931,0.050000,100000,0.020375,2000,0,5,1,1,0,418.896423,772000
387,73.407432,73.407631,0.050000,100000,0.021060,2000,0,11,2,1,0,418.896423,774000
388,-36.177690,-36.177662,0.050000,100000,0.019719,2000,0,3,1,1,0,418.896423,776000
389,83.329914,83.329926,0.050000,100000,0.022668,2000,0,11,2,1,0,418.896423,778000
390,-19.753265,-19.753359,0.050000,100000,0.020557,2000,0,4,1,1,0,418.896423,780000
391,-10.902430,-10.902479,0.050000,100000,0.021201,2000,0,4,1,1,0,418.896423,782000
392,-451.289738,-451.289948,0.050000,100000,0.020935,2000,269,0,0,1,0,418.896423,784000
393,21.290119,21.290075,0.050000,100000,0.023401,2000,0,5,1,1,0,418.896423,786000
394,-151.936344,-151.936508,0.050000,100000,0.023770,2000,0,0,0,1,0,418.896423,788000
395,-12.006659,-12.006761,0.050000,100000,0.021118,2000,0,2,1,1,0,418.896423,790000
396,-177.768834,-177.770767,0.050000,100000,0.024713,2000,0,0,0,1,0,418.896423,792000
397,-362.943261,-362.938568,0.050000,100000,0.022924,2000,227,2,1,1,0,418.896423,794000
398,-1072.541957,-1072.514771,0.050000,100000,0.022499,2000,758,0,0,1,0,418.896423,796000
399,-158.039346,-158.039413,0.050000,100000,0.022455,2000,0,0,0,1,0,418.896423,798000
400,-166.727869,-166.728378,0.050000,100000,0.025080,2000,0,0,0,1,0,418.896423,800000
401,-166.717206,-166.717621,0.050000,100000,0.023736,2000,0,0,0,1,0,418.896423,802000
402,-713.709015,-713.705383,0.050000,100000,0.023369,2000,488,1,1,1,0,418.896423,804000
403,-284.106385,-284.105621,0.050000,100000,0.025379,2000,114,1,1,1,0,418.896423,806000
404,-110.692087,-110.690857,0.050000,100000,0.025081,2000,0,1,1,1,0,418.896423,808000
405,-139.185432,-139.184525,0.050000,100000,0.025059,2000,0,1,1,1,0,418.896423,810000
406,-7.239288,-7.239308,0.050000,100000,0.026381,2000,0,1,1,1,0,418.896423,812000
407,53.328668,53.328686,0.050000,100000,0.024692,2000,0,7,1,1,0,418.896423,814000
408,-170.579624,-170.580383,0.050000,100000,0.023803,2000,0,1,1,1,0,418.896423,816000
409,-109.589005,-109.588127,0.050000,100000,0.024475,2000,0,3,1,1,0,418.896423,818000
410,-100.223910,-100.223335,0.050000,100000,0.023676,2000,0,2,1,1,0,418.896423,820000
411,-24.856074,-24.856373,0.050000,100000,0.025153,2000,0,5,1,1,0,418.896423,822000
412,5.396595,5.396557,0.050000,100000,0.023914,2000,0,3,1,1,0,418.896423,824000
413,79.300924,79.300835,0.050000,100000,0.022987,2000,0,9,2,1,0,418.896423,826000
414,76.636540,76.636520,0.050000,100000,0.022241,2000,0,9,2,1,0,418.896423,828000
415,-23.959039,-23.959091,0.050000,100000,0.022460,2000,0,2,1,1,0,418.896423,830000
416,82.481258,82.481140,0.050000,100000,0.022282,2000,0,10,2,1,0,418.896423,832000
417,-107.689238,-107.688408,0.050000,100000,0.023376,2000,0,2,1,1,0,418.896423,834000
418,86.882184,86.882179,0.050000,100000,0.022010,2000,0,10,2,1,0,418.896423,836000
419,2.605513,2.605486,0.050000,100000,0.024433,2000,0,2,1,1,0,418.896423,838000
420,2.666217,2.666164,0.050000,100000,0.023683,2000,0,2,1,1,0,418.896423,840000
421,-2.061608,-2.061585,0.050000,100000,0.025305,2000,0,6,1,1,0,418.896423,842000
422,-16.358602,-16.358641,0.050000,100000,0.023027,2000,0,5,1,1,0,418.896423,844000
423,-370.432042,-370.421600,0.050000,100000,0.023468,2000,210,2,1,1,0,418.896423,846000
424,5.403223,5.403204,0.050000,100000,0.024538,2000,0,2,1,1,0,418.896423,848000
425,-47.869025,-47.869385,0.050000,100000,0.023781,2000,0,2,1,1,0,418.896423,850000
426,-52.982828,-52.983116,0.050000,100000,0.024956,2000,0,5,1,1,0,418.896423,852000
427,-99.435661,-99.435730,0.050000,100000,0.022630,2000,113,7,1,1,0,418.896423,854000
428,92.603901,92.603836,0.050000,100000,0.025056,2000,0,11,2,1,0,418.896423,856000
429,-69.984858,-69.984879,0.050000,100000,0.026184,2000,0,4,1,1,0,418.896423,858000
430,0.140024,0.139956,0.050000,100000,0.023939,2000,0,5,1,1,0,418.896423,860000
431,-23.845487,-23.845503,0.050000,100000,0.024394,2000,0,4,1,1,0,418.896423,862000
432,-104.341600,-104.340797,0.050000,100000,0.025590,2000,0,2,1,1,0,418.896423,864000
433,-142.091060,-142.091476,0.050000,100000,0.026395,2000,84,5,1,1,0,418.896423,866000
434,9.156106,9.156074,0.050000,100000,0.026738,2000,0,2,1,1,0,418.896423,868000
435,0.400743,0.400709,0.050000,100000,0.026759,2000,0,2,1,1,0,418.896423,870000
436,2.127807,2.127717,0.050000,100000,0.024344,2000,0,2,1,1,0,418.896423,872000
437,-124.139512,-124.138145,0.050000,100000,0.026546,2000,0,2,1,1,0,418.896423,874000
438,3.126502,3.126400,0.050000,100000,0.024734,2000,0,3,1,1,0,418.896423,876000
439,-45.559734,-45.560116,0.050000,100000,0.025615,2000,0,2,1,1,0,418.896423,878000
440,-7.657656,-7.657700,0.050000,100000,0.024515,2000,0,2,1,1,0,418.896423,880000
441,-51.183548,-51.183857,0.050000,100000,0.025613,2000,0,3,1,1,0,418.896423,882000
442,-78.061138,-78.061180,0.050000,100000,0.026426,2000,1,4,1,1,0,418.896423,884000
443,-77.622703,-77.622971,0.050000,100000,0.025782,2000,0,5,1,1,0,418.896423,886000
444,-99.519385,-99.518906,0.050000,100000,0.025836,2000,0,3,1,1,0,418.896423,888000
445,-4.276415,-4.276434,0.050000,100000,0.024150,2000,0,4,1,1,0,418.896423,890000
446,-131.969082,-131.967834,0.050000,100000,0.026974,2000,0,2,1,1,0,418.896423,892000
447,-5.690163,-5.690347,0.050000,100000,0.026511,2000,0,6,1,1,0,418.896423,894000
448,-94.586340,-94.586525,0.050000,100000,0.023844,2000,0,0,0,1,0,418.896423,896000
449,-95.093640,-95.093079,0.050000,100000,0.025872,2000,0,1,1,1,0,418.896423,898000
450,-40.110917,-40.111454,0.050000,100000,0.026275,2000,1,6,1,1,0,418.896423,900000
451,-98.360969,-98.360435,0.050000,100000,0.025125,2000,0,4,1,1,0,418.896423,902000
452,9.771215,9.771076,0.050000,100000,0.027098,2000,0,7,1,1,0,418.896423,904000
453,-106.358131,-106.357994,0.050000,100000,0.028745,2000,0,4,1,1,0,418.896423,906000
454,-78.378951,-78.378983,0.050000,100000,0.024313,2000,0,4,1,1,0,418.896423,908000
455,-63.887390,-63.887974,0.050000,100000,0.024291,2000,0,4,1,1,0,418.896423,910000
456,11.860162,11.860153,0.050000,100000,0.021999,2000,0,4,1,1,0,418.896423,912000
457,-99.839938,-99.839470,0.050000,100000,0.021914,2000,0,4,1,1,0,418.896423,914000
458,-105.817683,-105.817673,0.050000,100000,0.021399,2000,0,4,1,1,0,418.896423,916000
459,-57.923565,-57.923752,0.050000,100000,0.021338,2000,0,3,1,1,0,418.896423,918000
460,-27.810732,-27.810793,0.050000,100000,0.021320,2000,0,1,1,1,0,418.896423,920000
461,-64.053228,-64.053719,0.050000,100000,0.022478,2000,0,2,1,1,0,418.896423,922000
462,-79.269585,-79.269623,0.050000,100000,0.020509,2000,0,1,1,1,0,418.896423,924000
463,-22.443481,-22.443584,0.050000,100000,0.022787,2000,8,5,1,1,0,418.896423,926000
464,-167.107093,-167.107391,0.050000,100000,0.021624,2000,126,5,1,1,0,418.896423,928000
465,-18.017996,-18.018208,0.050000,100000,0.022303,2000,0,4,1,1,0,418.896423,930000
466,-132.718948,-132.718262,0.050000,100000,0.022781,2000,0,3,1,1,0,418.896423,932000
467,-73.099280,-73.099648,0.050000,100000,0.023102,2000,1,5,1,1,0,418.896423,934000
468,-75.487659,-75.487877,0.050000,100000,0.021438,2000,0,5,1,1,0,418.896423,936000
469,35.191375,35.191360,0.050000,100000,0.023309,2000,0,6,1,1,0,418.896423,938000
470,8.970668,8.970598,0.050000,100000,0.023740,2000,0,4,1,1,0,418.896423,940000
471,-64.175128,-64.175690,0.050000,100000,0.023571,2000,0,4,1,1,0,418.896423,942000
472,36.898803,36.898716,0.050000,100000,0.023695,2000,0,6,1,1,0,418.896423,944000
473,-159.667708,-159.668549,0.050000,100000,0.023093,2000,118,8,2,1,0,418.896423,946000
474,-48.375391,-48.375534,0.050000,100000,0.023138,2000,0,1,1,1,0,418.896423,948000
475,-45.967604,-45.967896,0.050000,100000,0.022031,2000,0,4,1,1,0,418.896423,950000
476,-161.402738,-161.403625,0.050000,100000,0.021652,2000,0,1,1,1,0,418.896423,952000
477,-68.516113,-68.516457,0.050000,100000,0.023448,2000,0,5,1,1,0,418.896423,954000
478,-104.761171,-104.760490,0.050000,100000,0.023191,2000,0,4,1,1,0,418.896423,956000
479,-138.293376,-138.292725,0.050000,100000,0.023733,2000,6,3,1,1,0,418.896423,958000
480,12.869138,12.869085,0.050000,100000,0.022283,2000,0,4,1,1,0,418.896423,960000
481,26.736327,26.735958,0.050000,100000,0.023926,2000,0,8,2,1,0,418.896423,962000
1,167.225663,167.225479,0.050000,2000,0.036527,2000,0,19,3,1,0,412.225479,2000
2,-0.272203,-0.272360,0.050000,4000,0.008271,2000,0,3,1,1,0,412.225479,4000
3,-26.228386,-26.228563,0.050000,6000,0.005881,2000,0,3,1,1,0,412.225479,6000
4,-111.010256,-111.009361,0.050000,8000,0.006083,2000,0,4,1,1,0,412.225479,8000
5,-71.050981,-71.051033,0.050000,10000,0.007775,2000,1,5,1,1,0,412.225479,10000
6,-69.577865,-69.577888,0.050000,12000,0.008701,2000,1,5,1,1,0,412.225479,12000
7,157.639945,157.640045,0.050000,14000,0.006767,2000,0,18,3,1,0,412.225479,14000
8,160.864916,160.864868,0.050000,16000,0.007946,2000,0,18,3,1,0,412.225479,16000
9,124.284408,124.284401,0.050000,18000,0.007078,2000,0,16,3,1,0,412.225479,18000
10,169.132765,169.132736,0.050000,20000,0.007058,2000,0,19,3,1,0,414.132736,20000
11,171.246118,171.246338,0.050000,22000,0.007525,2000,0,19,3,1,0,416.246338,22000
12,170.875254,170.875214,0.050000,24000,0.007836,2000,0,19,3,1,0,416.246338,24000
13,173.716240,173.716385,0.050000,26000,0.006176,2000,0,20,3,1,0,423.716385,26000
14,168.834521,168.834503,0.050000,28000,0.008557,2000,0,19,3,1,0,423.716385,28000
15,162.980603,162.980560,0.050000,30000,0.007428,2000,0,18,3,1,0,423.716385,30000
16,169.275145,169.275375,0.050000,32000,0.007747,2000,0,19,3,1,0,423.716385,32000
17,171.580000,171.579956,0.050000,34000,0.008080,2000,0,19,3,1,0,423.716385,34000
18,168.286393,168.286301,0.050000,36000,0.007699,2000,0,19,3,1,0,423.716385,36000
19,164.947011,164.946976,0.050000,38000,0.007923,2000,0,19,3,1,0,423.716385,38000
20,-62.514518,-62.514957,0.050000,40000,0.007495,2000,0,5,1,1,0,423.716385,40000
21,85.182206,85.182159,0.050000,42000,0.008160,2000,0,11,2,1,0,423.716385,42000
22,89.679551,89.679512,0.050000,44000,0.007004,2000,0,11,2,1,0,423.716385,44000
23,84.389049,84.388985,0.050000,46000,0.006892,2000,0,11,2,1,0,423.716385,46000
24,171.836596,171.836700,0.050000,48000,0.006930,2000,0,19,3,1,0,423.716385,48000
25,-24.498090,-24.498123,0.050000,50000,0.008293,2000,0,3,1,1,0,423.716385,50000
26,9.699848,9.699796,0.050000,52000,0.008021,2000,0,3,1,1,0,423.716385,52000
27,92.123994,92.123962,0.050000,54000,0.008004,2000,0,11,2,1,0,423.716385,54000
28,167.136758,167.136795,0.050000,56000,0.007633,2000,0,19,3,1,0,423.716385,56000
29,66.219470,66.219360,0.050000,58000,0.008573,2000,0,12,2,1,0,423.716385,58000
30,102.515607,102.515846,0.050000,60000,0.008118,2000,0,12,2,1,0,423.716385,60000
31,168.599152,168.599182,0.050000,62000,0.007025,2000,0,19,3,1,0,423.716385,62000
32,144.914641,144.914490,0.050000,64000,0.008187,2000,0,16,3,1,0,423.716385,64000
33,141.387523,141.387680,0.050000,66000,0.007764,2000,0,16,3,1,0,423.716385,66000
34,149.152369,149.152481,0.050000,68000,0.006723,2000,0,18,3,1,0,423.716385,68000
35,161.750942,161.750900,0.050000,70000,0.008555,2000,0,18,3,1,0,423.716385,70000
36,169.432235,169.432068,0.050000,72000,0.008107,2000,0,19,3,1,0,423.716385,72000
37,173.432136,173.431992,0.050000,74000,0.008255,2000,0,19,3,1,0,423.716385,74000
38,178.790312,178.790222,0.050000,76000,0.008196,2000,0,20,3,1,0,428.790222,76000
39,177.230333,177.230164,0.050000,78000,0.007127,2000,0,20,3,1,0,428.790222,78000
40,170.094610,170.094604,0.050000,80000,0.007137,2000,0,19,3,1,0,428.790222,80000
41,169.621658,169.621780,0.050000,82000,0.007835,2000,0,19,3,1,0,428.790222,82000
42,175.658402,175.658447,0.050000,84000,0.007929,2000,0,19,3,1,0,428.790222,84000
43,178.794686,178.794769,0.050000,86000,0.008202,2000,0,20,3,1,0,428.794769,86000
44,180.824145,180.824097,0.050000,88000,0.006451,2000,0,20,3,1,0,430.824097,88000
45,178.943825,178.943924,0.050000,90000,0.007672,2000,0,20,3,1,0,430.824097,90000
46,173.052394,173.052383,0.050000,92000,0.007205,2000,0,19,3,1,0,430.824097,92000
47,180.358487,180.358490,0.050000,94000,0.007544,2000,0,20,3,1,0,430.824097,94000
48,178.954193,178.954254,0.050000,96000,0.008492,2000,0,20,3,1,0,430.824097,96000
49,171.028774,171.028900,0.050000,98000,0.006754,2000,0,19,3,1,0,430.824097,98000
50,178.262682,178.262527,0.050000,100000,0.006947,2000,0,20,3,1,0,430.824097,100000
51,92.513412,92.513412,0.050000,100000,0.007267,2000,0,12,2,1,0,430.824097,102000
52,174.822406,174.822464,0.050000,100000,0.008302,2000,0,19,3,1,0,430.824097,104000
53,173.523078,173.523117,0.050000,100000,0.007601,2000,0,19,3,1,0,430.824097,106000
54,173.661476,173.661682,0.050000,100000,0.008069,2000,0,19,3,1,0,430.824097,108000
55,169.651143,169.651398,0.050000,100000,0.007076,2000,0,19,3,1,0,430.824097,110000
56,177.363229,177.363312,0.050000,100000,0.007842,2000,0,20,3,1,0,430.824097,112000
57,178.534141,178.534058,0.050000,100000,0.009033,2000,0,20,3,1,0,430.824097,114000
58,113.259735,113.259773,0.050000,100000,0.008276,2000,0,14,2,1,0,430.824097,116000
59,23.845154,23.844896,0.050000,100000,0.007317,2000,0,6,1,1,0,430.824097,118000
60,-124.961618,-124.960312,0.050000,100000,0.009016,2000,0,3,1,1,0,430.824097,120000
61,176.080922,176.081100,0.050000,100000,0.007588,2000,0,20,3,1,0,430.824097,122000
62,171.265870,171.266022,0.050000,100000,0.008516,2000,0,19,3,1,0,430.824097,124000
63,169.505784,169.505783,0.050000,100000,0.007663,2000,0,19,3,1,0,430.824097,126000
64,178.706450,178.706421,0.050000,100000,0.008159,2000,0,20,3,1,0,430.824097,128000
65,171.004143,171.004272,0.050000,100000,0.009547,2000,0,19,3,1,0,430.824097,130000
66,76.207942,76.207779,0.050000,100000,0.009021,2000,0,10,2,1,0,430.824097,132000
67,163.768248,163.768295,0.050000,100000,0.009060,2000,0,19,3,1,0,430.824097,134000
68,59.139870,59.139809,0.050000,100000,0.010506,2000,0,6,1,1,0,430.824097,136000
69,172.269969,172.269974,0.050000,100000,0.008681,2000,0,19,3,1,0,430.824097,138000
70,170.218158,170.218201,0.050000,100000,0.008743,2000,0,19,3,1,0,430.824097,140000
71,164.321855,164.321655,0.050000,100000,0.007974,2000,0,19,3,1,0,430.824097,142000
72,172.844252,172.844223,0.050000,100000,0.008822,2000,0,19,3,1,0,430.824097,144000
73,-70.584772,-70.584770,0.050000,100000,0.010250,2000,0,5,1,1,0,430.824097,146000
74,-457.033725,-457.029327,0.050000,100000,0.008753,2000,303,5,1,1,0,430.824097,148000
75,-69.721994,-69.722359,0.050000,100000,0.009563,2000,0,5,1,1,0,430.824097,150000
76,100.330655,100.330750,0.050000,100000,0.011099,2000,0,12,2,1,0,430.824097,152000
77,155.664957,155.664856,0.050000,100000,0.009356,2000,0,18,3,1,0,430.824097,154000
78,-67.795371,-67.795784,0.050000,100000,0.008836,2000,0,5,1,1,0,430.824097,156000
79,160.515783,160.515823,0.050000,100000,0.009722,2000,0,19,3,1,0,430.824097,158000
80,14.524388,14.524198,0.050000,100000,0.009266,2000,0,6,1,1,0,430.824097,160000
81,92.844649,92.844688,0.050000,100000,0.009449,2000,0,12,2,1,0,430.824097,162000
82,164.969233,164.969330,0.050000,100000,0.008978,2000,0,19,3,1,0,430.824097,164000
83,-92.653341,-92.653107,0.050000,100000,0.009797,2000,0,5,1,1,0,430.824097,166000
84,-129.475953,-129.475250,0.050000,100000,0.008739,2000,0,3,1,1,0,430.824097,168000
85,-69.935105,-69.935097,0.050000,100000,0.010103,2000,0,5,1,1,0,430.824097,170000
86,-128.913365,-128.912842,0.050000,100000,0.007798,2000,0,3,1,1,0,430.824097,172000
87,144.579647,144.579636,0.050000,100000,0.009558,2000,0,18,3,1,0,430.824097,174000
88,99.254655,99.254601,0.050000,100000,0.010678,2000,0,11,2,1,0,430.824097,176000
89,96.469016,96.469131,0.050000,100000,0.009088,2000,0,12,2,1,0,430.824097,178000
90,32.301029,32.300865,0.050000,100000,0.011067,2000,0,6,1,1,0,430.824097,180000
91,25.286238,25.286055,0.050000,100000,0.011651,2000,0,6,1,1,0,430.824097,182000
92,170.797336,170.797470,0.050000,100000,0.011335,2000,0,19,3,1,0,430.824097,184000
93,-94.266337,-94.265968,0.050000,100000,0.011455,2000,0,5,1,1,0,430.824097,186000
94,163.184083,163.184219,0.050000,100000,0.011716,2000,0,18,3,1,0,430.824097,188000
95,38.731870,38.731785,0.050000,100000,0.009999,2000,0,5,1,1,0,430.824097,190000
96,100.155694,100.155800,0.050000,100000,0.009721,2000,0,10,2,1,0,430.824097,192000
97,19.622190,19.622187,0.050000,100000,0.010811,2000,0,5,1,1,0,430.824097,194000
98,24.550746,24.550714,0.050000,100000,0.010879,2000,0,5,1,1,0,430.824097,196000
99,51.340860,51.340855,0.050000,100000,0.010849,2000,0,6,1,1,0,430.824097,198000
100,150.259023,150.258545,0.050000,100000,0.012919,2000,0,18,3,1,0,430.824097,200000
101,168.270567,168.270523,0.050000,100000,0.012307,2000,0,19,3,1,0,430.824097,202000
102,168.580280,168.580582,0.050000,100000,0.012106,2000,0,19,3,1,0,430.824097,204000
103,168.502335,168.502533,0.050000,100000,0.010828,2000,0,19,3,1,0,430.824097,206000
104,171.432475,171.432602,0.050000,100000,0.011042,2000,0,19,3,1,0,430.824097,208000
105,171.565269,171.565308,0.050000,100000,0.010927,2000,0,19,3,1,0,430.824097,210000
106,-167.605730,-167.606247,0.050000,100000,0.011442,2000,0,1,1,1,0,430.824097,212000
107,162.840440,162.840576,0.050000,100000,0.011512,2000,0,19,3,1,0,430.824097,214000
108,120.845249,120.845184,0.050000,100000,0.012937,2000,0,16,3,1,0,430.824097,216000
109,-240.714455,-240.714767,0.050000,100000,0.011547,2000,109,2,1,1,0,430.824097,218000
110,173.918039,173.918152,0.050000,100000,0.011329,2000,0,19,3,1,0,430.824097,220000
111,172.082721,172.082794,0.050000,100000,0.011600,2000,0,19,3,1,0,430.824097,222000
112,169.868540,169.868439,0.050000,100000,0.012059,2000,0,19,3,1,0,430.824097,224000
113,166.461387,166.461426,0.050000,100000,0.010999,2000,0,19,3,1,0,430.824097,226000
114,172.414917,172.414917,0.050000,100000,0.012374,2000,0,19,3,1,0,430.824097,228000
115,169.682973,169.683060,0.050000,100000,0.011154,2000,0,19,3,1,0,430.824097,230000
116,172.846935,172.846893,0.050000,100000,0.012015,2000,0,19,3,1,0,430.824097,232000
117,100.835504,100.835541,0.050000,100000,0.011554,2000,0,12,2,1,0,430.824097,234000
118,113.779753,113.779778,0.050000,100000,0.011133,2000,0,12,2,1,0,430.824097,236000
119,174.104279,174.104507,0.050000,100000,0.012073,2000,0,19,3,1,0,430.824097,238000
120,-354.416213,-354.409271,0.050000,100000,0.012550,2000,234,5,1,1,0,430.824097,240000
121,103.280546,103.280472,0.050000,100000,0.011293,2000,0,11,2,1,0,430.824097,242000
122,173.260441,173.260254,0.050000,100000,0.012171,2000,0,20,3,1,0,430.824097,244000
123,47.682875,47.682827,0.050000,100000,0.013083,2000,0,5,1,1,0,430.824097,246000
124,174.772906,174.772812,0.050000,100000,0.010961,2000,0,20,3,1,0,430.824097,248000
125,171.679024,171.678925,0.050000,100000,0.011673,2000,0,19,3,1,0,430.824097,250000
126,-93.409715,-93.410210,0.050000,100000,0.010068,2000,1,5,1,1,0,430.824097,252000
127,169.489720,169.489838,0.050000,100000,0.011061,2000,0,19,3,1,0,430.824097,254000
128,173.508330,173.508438,0.050000,100000,0.011311,2000,0,19,3,1,0,430.824097,256000
129,170.434499,170.434402,0.050000,100000,0.011384,2000,0,19,3,1,0,430.824097,258000
130,170.806013,170.805984,0.050000,100000,0.010149,2000,0,19,3,1,0,430.824097,260000
131,36.738854,36.739799,0.050000,100000,0.011927,2000,0,12,2,1,0,430.824097,262000
132,169.794199,169.794342,0.050000,100000,0.010657,2000,0,19,3,1,0,430.824097,264000
133,-130.495540,-130.495621,0.050000,100000,0.010552,2000,0,3,1,1,0,430.824097,266000
134,166.985557,166.985474,0.050000,100000,0.010146,2000,0,19,3,1,0,430.824097,268000
135,174.792189,174.792343,0.050000,100000,0.012144,2000,0,19,3,1,0,430.824097,270000
136,179.723163,179.723404,0.050000,100000,0.011197,2000,0,20,3,1,0,430.824097,272000
137,179.075152,179.075089,0.050000,100000,0.011739,2000,0,20,3,1,0,430.824097,274000
138,88.347192,88.348160,0.050000,100000,0.011495,2000,0,15,3,1,0,430.824097,276000
139,106.909515,106.909264,0.050000,100000,0.009654,2000,0,16,3,1,0,430.824097,278000
140,176.250074,176.250015,0.050000,100000,0.010165,2000,0,20,3,1,0,430.824097,280000
141,-399.985071,-399.985291,0.050000,100000,0.011262,2000,220,3,1,1,0,430.824097,282000
142,176.052093,176.052246,0.050000,100000,0.012281,2000,0,20,3,1,0,430.824097,284000
143,167.717977,167.717926,0.050000,100000,0.011879,2000,0,19,3,1,0,430.824097,286000
144,172.461554,172.461594,0.050000,100000,0.011413,2000,0,19,3,1,0,430.824097,288000
145,154.042958,154.042831,0.050000,100000,0.010007,2000,0,18,3,1,0,430.824097,290000
146,173.342799,173.342896,0.050000,100000,0.010560,2000,0,19,3,1,0,430.824097,292000
147,172.849069,172.849274,0.050000,100000,0.010694,2000,0,19,3,1,0,430.824097,294000
148,183.911719,183.911896,0.050000,100000,0.011156,2000,0,20,3,1,0,433.911896,296000
149,173.708338,173.708282,0.050000,100000,0.011264,2000,0,19,3,1,0,433.911896,298000
150,172.392068,172.392258,0.050000,100000,0.010015,2000,0,19,3,1,0,433.911896,300000
151,176.894358,176.894470,0.050000,100000,0.010505,2000,0,20,3,1,0,433.911896,302000
152,170.447166,170.447418,0.050000,100000,0.010788,2000,0,19,3,1,0,433.911896,304000
153,172.427867,172.427902,0.050000,100000,0.012100,2000,0,19,3,1,0,433.911896,306000
154,174.932815,174.932709,0.050000,100000,0.009790,2000,0,19,3,1,0,433.911896,308000
155,95.756655,95.756554,0.050000,100000,0.010395,2000,0,12,2,1,0,433.911896,310000
156,176.188797,176.188721,0.050000,100000,0.010496,2000,0,20,3,1,0,433.911896,312000
157,174.256286,174.256195,0.050000,100000,0.010223,2000,0,19,3,1,0,433.911896,314000
158,172.497976,172.498123,0.050000,100000,0.009527,2000,0,19,3,1,0,433.911896,316000
159,172.988920,172.988998,0.050000,100000,0.009396,2000,0,19,3,1,0,433.911896,318000
160,171.536407,171.536621,0.050000,100000,0.009676,2000,0,19,3,1,0,433.911896,320000
161,115.855911,115.855698,0.050000,100000,0.009844,2000,0,16,3,1,0,433.911896,322000
162,170.190247,170.190323,0.050000,100000,0.009755,2000,0,19,3,1,0,433.911896,324000
163,171.507348,171.507507,0.050000,100000,0.009123,2000,0,19,3,1,0,433.911896,326000
164,173.490658,173.490814,0.050000,100000,0.009732,2000,0,19,3,1,0,433.911896,328000
165,129.027916,129.027115,0.050000,100000,0.010039,2000,0,17,3,1,0,433.911896,330000
166,171.676345,171.676071,0.050000,100000,0.010204,2000,0,19,3,1,0,433.911896,332000
167,-164.595545,-164.595871,0.050000,100000,0.009971,2000,1,1,1,1,0,433.911896,334000
168,-160.109974,-160.110092,0.050000,100000,0.009490,2000,0,1,1,1,0,433.911896,336000
169,-88.478399,-88.478325,0.050000,100000,0.009482,2000,0,5,1,1,0,433.911896,338000
170,-112.289399,-112.288513,0.050000,100000,0.010377,2000,0,4,1,1,0,433.911896,340000
171,-141.544393,-141.544373,0.050000,100000,0.010976,2000,0,1,1,1,0,433.911896,342000
172,-150.910231,-150.910156,0.050000,100000,0.011655,2000,0,1,1,1,0,433.911896,344000
173,-116.495374,-116.495003,0.050000,100000,0.010891,2000,0,1,1,1,0,433.911896,346000
174,-134.129334,-134.129318,0.050000,100000,0.010909,2000,0,3,1,1,0,433.911896,348000
175,-887.912396,-887.923828,0.050000,100000,0.011262,2000,624,3,1,1,0,433.911896,350000
176,-137.202978,-137.203323,0.050000,100000,0.012345,2000,0,3,1,1,0,433.911896,352000
177,-387.370905,-387.371277,0.050000,100000,0.011601,2000,208,3,1,1,0,433.911896,354000
178,-430.526075,-430.517395,0.050000,100000,0.013526,2000,243,3,1,1,0,433.911896,356000
179,-141.880336,-141.879593,0.050000,100000,0.014793,2000,0,3,1,1,0,433.911896,358000
180,-130.403564,-130.402283,0.050000,100000,0.017789,2000,0,3,1,1,0,433.911896,360000
181,-129.263592,-129.262314,0.050000,100000,0.016377,2000,0,3,1,1,0,433.911896,362000
182,-132.890805,-132.889664,0.050000,100000,0.016776,2000,0,1,1,1,0,433.911896,364000
183,-151.905824,-151.905548,0.050000,100000,0.018399,2000,0,1,1,1,0,433.911896,366000
184,-119.688084,-119.686737,0.050000,100000,0.018959,2000,0,3,1,1,0,433.911896,368000
185,-146.858419,-146.857910,0.050000,100000,0.020928,2000,0,1,1,1,0,433.911896,370000
186,-132.352741,-132.351532,0.050000,100000,0.019913,2000,0,1,1,1,0,433.911896,372000
187,-40.361438,-40.361752,0.050000,100000,0.022647,2000,0,0,0,1,0,433.911896,374000
188,-150.409007,-150.408722,0.050000,100000,0.021871,2000,0,1,1,1,0,433.911896,376000
189,1.514875,1.514733,0.050000,100000,0.022146,2000,0,2,1,1,0,433.911896,378000
190,-143.695060,-143.694458,0.050000,100000,0.024515,2000,0,1,1,1,0,433.911896,380000
191,-128.534994,-128.533661,0.050000,100000,0.023336,2000,0,3,1,1,0,433.911896,382000
192,-129.089937,-129.088654,0.050000,100000,0.024111,2000,0,3,1,1,0,433.911896,384000
193,-138.270077,-138.270081,0.050000,100000,0.024973,2000,0,1,1,1,0,433.911896,386000
194,-26.999197,-26.999401,0.050000,100000,0.024867,2000,0,4,1,1,0,433.911896,388000
195,-119.131384,-119.130325,0.050000,100000,0.022754,2000,0,4,1,1,0,433.911896,390000
196,103.977465,103.977371,0.050000,100000,0.023590,2000,0,12,2,1,0,433.911896,392000
197,-30.931706,-30.931816,0.050000,100000,0.023622,2000,0,0,0,1,0,433.911896,394000
198,-1051.616469,-1051.606445,0.050000,100000,0.021332,2000,842,7,1,1,0,433.911896,396000
199,-11.972000,-11.972136,0.050000,100000,0.022026,2000,0,3,1,1,0,433.911896,398000
200,60.360818,60.361965,0.050000,100000,0.021648,2000,0,12,2,1,0,433.911896,400000
201,30.139647,30.140034,0.050000,100000,0.019950,2000,0,11,2,1,0,433.911896,402000
202,-137.128221,-137.127106,0.050000,100000,0.019573,2000,0,3,1,1,0,433.911896,404000
203,-122.169562,-122.168282,0.050000,100000,0.021791,2000,0,3,1,1,0,433.911896,406000
204,-172.284969,-172.285690,0.050000,100000,0.019627,2000,0,1,1,1,0,433.911896,408000
205,-154.734018,-154.734894,0.050000,100000,0.018512,2000,0,1,1,1,0,433.911896,410000
206,121.961588,121.961563,0.050000,100000,0.019838,2000,0,14,2,1,0,433.911896,412000
207,-128.146556,-128.145218,0.050000,100000,0.019752,2000,0,3,1,1,0,433.911896,414000
208,30.124199,30.124056,0.050000,100000,0.018237,2000,0,6,1,1,0,433.911896,416000
209,-77.142388,-77.142540,0.050000,100000,0.019551,2000,0,5,1,1,0,433.911896,418000
210,-141.794136,-141.793518,0.050000,100000,0.021413,2000,0,3,1,1,0,433.911896,420000
211,-144.147203,-144.146957,0.050000,100000,0.018337,2000,0,3,1,1,0,433.911896,422000
212,-137.029416,-137.028610,0.050000,100000,0.019900,2000,0,3,1,1,0,433.911896,424000
213,-141.369095,-141.368439,0.050000,100000,0.019875,2000,0,3,1,1,0,433.911896,426000
214,-142.997160,-142.996445,0.050000,100000,0.018864,2000,0,3,1,1,0,433.911896,428000
215,-304.518134,-304.514618,0.050000,100000,0.020291,2000,135,3,1,1,0,433.911896,430000
216,-39.721598,-39.721848,0.050000,100000,0.019393,2000,0,5,1,1,0,433.911896,432000
217,-124.641425,-124.640785,0.050000,100000,0.020470,2000,0,3,1,1,0,433.911896,434000
218,17.524932,17.524750,0.050000,100000,0.021003,2000,0,5,1,1,0,433.911896,436000
219,98.535892,98.535812,0.050000,100000,0.021366,2000,0,12,2,1,0,433.911896,438000
220,95.125865,95.125908,0.050000,100000,0.023541,2000,0,12,2,1,0,433.911896,440000
221,-123.561819,-123.560509,0.050000,100000,0.024065,2000,0,3,1,1,0,433.911896,442000
222,17.005146,17.004978,0.050000,100000,0.021225,2000,0,5,1,1,0,433.911896,444000
223,138.585732,138.585800,0.050000,100000,0.023170,2000,0,16,3,1,0,433.911896,446000
224,-78.393789,-78.393982,0.050000,100000,0.022574,2000,0,5,1,1,0,433.911896,448000
225,96.399796,96.399902,0.050000,100000,0.024216,2000,0,12,2,1,0,433.911896,450000
226,-72.519693,-72.519661,0.050000,100000,0.024403,2000,0,5,1,1,0,433.911896,452000
227,-89.309981,-89.309486,0.050000,100000,0.023705,2000,0,4,1,1,0,433.911896,454000
228,132.575565,132.575684,0.050000,100000,0.023957,2000,0,15,3,1,0,433.911896,456000
229,51.325060,51.325718,0.050000,100000,0.025694,2000,0,11,2,1,0,433.911896,458000
230,-67.541464,-67.542030,0.050000,100000,0.025867,2000,0,5,1,1,0,433.911896,460000
231,68.424450,68.425102,0.050000,100000,0.026734,2000,0,11,2,1,0,433.911896,462000
232,50.444091,50.444721,0.050000,100000,0.025007,2000,0,11,2,1,0,433.911896,464000
233,-167.670643,-167.671188,0.050000,100000,0.023771,2000,0,1,1,1,0,433.911896,466000
234,-152.134190,-152.134048,0.050000,100000,0.024955,2000,0,1,1,1,0,433.911896,468000
235,-172.397047,-172.397797,0.050000,100000,0.025421,2000,0,1,1,1,0,433.911896,470000
236,-170.115718,-170.116272,0.050000,100000,0.024251,2000,0,1,1,1,0,433.911896,472000
237,-89.141821,-89.141960,0.050000,100000,0.021830,2000,0,1,1,1,0,433.911896,474000
238,-163.346748,-163.346603,0.050000,100000,0.024175,2000,0,1,1,1,0,433.911896,476000
239,-157.618031,-157.617538,0.050000,100000,0.023227,2000,0,1,1,1,0,433.911896,478000
240,-126.770772,-126.769455,0.050000,100000,0.027484,2000,0,1,1,1,0,433.911896,480000
241,-65.274484,-65.274582,0.050000,100000,0.026403,2000,0,1,1,1,0,433.911896,482000
242,14.588794,14.588809,0.050000,100000,0.025813,2000,0,5,1,1,0,433.911896,484000
243,-85.466403,-85.466423,0.050000,100000,0.026544,2000,0,5,1,1,0,433.911896,486000
244,62.286362,62.286743,0.050000,100000,0.027468,2000,0,12,2,1,0,433.911896,488000
245,77.468517,77.468842,0.050000,100000,0.028108,2000,0,12,2,1,0,433.911896,490000
246,-83.572899,-83.572945,0.050000,100000,0.026697,2000,0,5,1,1,0,433.911896,492000
247,-138.135093,-138.134262,0.050000,100000,0.027788,2000,0,3,1,1,0,433.911896,494000
248,14.515467,14.515362,0.050000,100000,0.024362,2000,0,10,2,1,0,433.911896,496000
249,-80.491723,-80.491959,0.050000,100000,0.027117,2000,1,5,1,1,0,433.911896,498000
250,-77.428467,-77.428757,0.050000,100000,0.024489,2000,1,5,1,1,0,433.911896,500000
251,-8.435384,-8.435591,0.050000,100000,0.023247,2000,0,3,1,1,0,433.911896,502000
252,-51.371413,-51.371677,0.050000,100000,0.023424,2000,0,3,1,1,0,433.911896,504000
253,13.474165,13.474008,0.050000,100000,0.023374,2000,0,5,1,1,0,433.911896,506000
254,-119.448781,-119.447372,0.050000,100000,0.022487,2000,0,3,1,1,0,433.911896,508000
255,10.699391,10.699406,0.050000,100000,0.023097,2000,0,10,2,1,0,433.911896,510000
256,7.890308,7.890449,0.050000,100000,0.024327,2000,0,10,2,1,0,433.911896,512000
257,9.588376,9.588327,0.050000,100000,0.022728,2000,0,3,1,1,0,433.911896,514000
258,-138.622651,-138.621826,0.050000,100000,0.023611,2000,0,2,1,1,0,433.911896,516000
259,-96.688668,-96.688339,0.050000,100000,0.022317,2000,0,5,1,1,0,433.911896,518000
260,-151.312633,-151.312653,0.050000,100000,0.021849,2000,0,2,1,1,0,433.911896,520000
261,40.666714,40.666771,0.050000,100000,0.021828,2000,0,11,2,1,0,433.911896,522000
262,-11.465988,-11.466123,0.050000,100000,0.020931,2000,0,4,1,1,0,433.911896,524000
263,-110.161879,-110.161751,0.050000,100000,0.022866,2000,0,2,1,1,0,433.911896,526000
264,-117.360467,-117.360390,0.050000,100000,0.021537,2000,0,2,1,1,0,433.911896,528000
265,-131.236186,-131.234833,0.050000,100000,0.020089,2000,0,3,1,1,0,433.911896,530000
266,-109.134176,-109.134262,0.050000,100000,0.019402,2000,0,4,1,1,0,433.911896,532000
267,-142.737293,-142.736557,0.050000,100000,0.019606,2000,0,2,1,1,0,433.911896,534000
268,-142.170080,-142.169067,0.050000,100000,0.019450,2000,0,2,1,1,0,433.911896,536000
1,175.375070,175.375092,0.050000,2000,0.003314,2000,0,19,3,1,0,420.375092,2000
2,-60.264145,-60.264702,0.050000,4000,0.007201,2000,0,5,1,1,0,420.375092,4000
3,88.049848,88.049835,0.050000,6000,0.007144,2000,0,9,2,1,0,420.375092,6000
4,158.245458,158.245575,0.050000,8000,0.008355,2000,0,18,3,1,0,420.375092,8000
5,18.349007,18.348804,0.050000,10000,0.007807,2000,0,5,1,1,0,420.375092,10000
6,14.818047,14.817924,0.050000,12000,0.006991,2000,0,5,1,1,0,420.375092,12000
7,89.371177,89.371078,0.050000,14000,0.005972,2000,0,12,2,1,0,420.375092,14000
8,172.147926,172.147995,0.050000,16000,0.005822,2000,0,19,3,1,0,420.375092,16000
9,-172.698782,-172.699600,0.050000,18000,0.007397,2000,0,1,1,1,0,420.375092,18000
10,174.885610,174.885757,0.050000,20000,0.006773,2000,0,19,3,1,0,420.375092,20000
11,178.337937,178.337936,0.050000,22000,0.005980,2000,0,20,3,1,0,428.337936,22000
12,150.046177,150.045593,0.050000,24000,0.006990,2000,0,18,3,1,0,428.337936,24000
13,177.078728,177.078552,0.050000,26000,0.007765,2000,0,20,3,1,0,428.337936,26000
14,179.474655,179.474609,0.050000,28000,0.007806,2000,0,20,3,1,0,429.474609,28000
15,93.703060,93.703033,0.050000,30000,0.007315,2000,0,12,2,1,0,429.474609,30000
16,-25.002554,-25.002592,0.050000,32000,0.009301,2000,0,8,2,1,0,429.474609,32000
17,187.236190,187.236267,0.050000,34000,0.007544,2000,0,20,3,1,0,437.236267,34000
18,182.310303,182.310135,0.050000,36000,0.007882,2000,0,20,3,1,0,437.236267,36000
19,184.759420,184.759781,0.050000,38000,0.008363,2000,0,20,3,1,0,437.236267,38000
20,185.358043,185.357956,0.050000,40000,0.008923,2000,0,20,3,1,0,437.236267,40000
21,179.558857,179.558823,0.050000,42000,0.007382,2000,0,20,3,1,0,437.236267,42000
22,169.963583,169.963638,0.050000,44000,0.007902,2000,0,19,3,1,0,437.236267,44000
23,184.467712,184.467590,0.050000,46000,0.008311,2000,0,20,3,1,0,437.236267,46000
24,143.007040,143.006271,0.050000,48000,0.007963,2000,0,18,3,1,0,437.236267,48000
25,182.565216,182.565353,0.050000,50000,0.006608,2000,0,20,3,1,0,437.236267,50000
26,148.215282,148.214874,0.050000,52000,0.008505,2000,0,18,3,1,0,437.236267,52000
27,185.254639,185.254898,0.050000,54000,0.008576,2000,0,20,3,1,0,437.236267,54000
28,183.595031,183.595169,0.050000,56000,0.007990,2000,0,20,3,1,0,437.236267,56000
29,127.534718,127.533394,0.050000,58000,0.007513,2000,0,17,3,1,0,437.236267,58000
30,173.894453,173.894562,0.050000,60000,0.007910,2000,0,19,3,1,0,437.236267,60000
31,173.448742,173.448730,0.050000,62000,0.008678,2000,0,19,3,1,0,437.236267,62000
32,182.358273,182.358261,0.050000,64000,0.007307,2000,0,20,3,1,0,437.236267,64000
33,-111.166024,-111.165138,0.050000,66000,0.007663,2000,0,4,1,1,0,437.236267,66000
34,166.888775,166.888596,0.050000,68000,0.007626,2000,0,19,3,1,0,437.236267,68000
35,173.352228,173.352417,0.050000,70000,0.007611,2000,0,19,3,1,0,437.236267,70000
36,176.254560,176.254440,0.050000,72000,0.007433,2000,0,20,3,1,0,437.236267,72000
37,133.856587,133.855637,0.050000,74000,0.008148,2000,0,17,3,1,0,437.236267,74000
38,7.854361,7.854322,0.050000,76000,0.008365,2000,0,5,1,1,0,437.236267,76000
39,147.024555,147.024658,0.050000,78000,0.008163,2000,0,16,3,1,0,437.236267,78000
40,139.897885,139.897903,0.050000,80000,0.007676,2000,0,18,3,1,0,437.236267,80000
41,177.314721,177.314667,0.050000,82000,0.007633,2000,0,20,3,1,0,437.236267,82000
42,181.978894,181.978989,0.050000,84000,0.008955,2000,0,20,3,1,0,437.236267,84000
43,177.576610,177.576874,0.050000,86000,0.008650,2000,0,20,3,1,0,437.236267,86000
44,99.194251,99.194260,0.050000,88000,0.008551,2000,0,10,2,1,0,437.236267,88000
45,102.390652,102.390656,0.050000,90000,0.007871,2000,0,11,2,1,0,437.236267,90000
46,169.376155,169.376099,0.050000,92000,0.007402,2000,0,19,3,1,0,437.236267,92000
47,176.700139,176.700150,0.050000,94000,0.007876,2000,0,20,3,1,0,437.236267,94000
48,154.988813,154.988815,0.050000,96000,0.008248,2000,0,18,3,1,0,437.236267,96000
49,175.270890,175.270935,0.050000,98000,0.008700,2000,0,19,3,1,0,437.236267,98000
50,100.472888,100.472900,0.050000,100000,0.008336,2000,0,10,2,1,0,437.236267,100000
51,177.520526,177.520706,0.050000,100000,0.010605,2000,0,20,3,1,0,437.236267,102000
52,177.657433,177.657608,0.050000,100000,0.009280,2000,0,20,3,1,0,437.236267,104000
53,179.718744,179.718765,0.050000,100000,0.008249,2000,0,20,3,1,0,437.236267,106000
54,170.904520,170.904617,0.050000,100000,0.007631,2000,0,19,3,1,0,437.236267,108000
55,178.214452,178.214569,0.050000,100000,0.007718,2000,0,20,3,1,0,437.236267,110000
56,178.182575,178.182571,0.050000,100000,0.008688,2000,0,20,3,1,0,437.236267,112000
57,-141.896568,-141.895828,0.050000,100000,0.009428,2000,0,2,1,1,0,437.236267,114000
58,180.464209,180.464325,0.050000,100000,0.007892,2000,0,20,3,1,0,437.236267,116000
59,184.367616,184.367737,0.050000,100000,0.008053,2000,0,20,3,1,0,437.236267,118000
60,178.039366,178.039505,0.050000,100000,0.010591,2000,0,20,3,1,0,437.236267,120000
61,184.168057,184.168198,0.050000,100000,0.008392,2000,0,20,3,1,0,437.236267,122000
62,184.446118,184.446243,0.050000,100000,0.008326,2000,0,20,3,1,0,437.236267,124000
63,179.754794,179.755005,0.050000,100000,0.009836,2000,0,20,3,1,0,437.236267,126000
64,181.081504,181.081619,0.050000,100000,0.008824,2000,0,20,3,1,0,437.236267,128000
65,186.443588,186.443726,0.050000,100000,0.009166,2000,0,21,3,1,0,441.443726,130000
66,182.122118,182.121948,0.050000,100000,0.008940,2000,0,20,3,1,0,441.443726,132000
67,184.929052,184.929214,0.050000,100000,0.008387,2000,0,20,3,1,0,441.443726,134000
68,186.025206,186.025269,0.050000,100000,0.007294,2000,0,20,3,1,0,441.443726,136000
69,182.538415,182.538422,0.050000,100000,0.007888,2000,0,20,3,1,0,441.443726,138000
70,147.883884,147.883591,0.050000,100000,0.008256,2000,0,18,3,1,0,441.443726,140000
71,182.924576,182.924759,0.050000,100000,0.007950,2000,0,20,3,1,0,441.443726,142000
72,181.722892,181.722931,0.050000,100000,0.008572,2000,0,20,3,1,0,441.443726,144000
73,183.571342,183.571564,0.050000,100000,0.008915,2000,0,20,3,1,0,441.443726,146000
74,183.462176,183.462173,0.050000,100000,0.008639,2000,0,20,3,1,0,441.443726,148000
75,183.343036,183.343155,0.050000,100000,0.008884,2000,0,20,3,1,0,441.443726,150000
76,180.308644,180.308548,0.050000,100000,0.008781,2000,0,20,3,1,0,441.443726,152000
77,15.716034,15.716512,0.050000,100000,0.009298,2000,0,11,2,1,0,441.443726,154000
78,180.401759,180.401840,0.050000,100000,0.008749,2000,0,20,3,1,0,441.443726,156000
79,19.474460,19.474813,0.050000,100000,0.009719,2000,0,11,2,1,0,441.443726,158000
80,180.817938,180.817825,0.050000,100000,0.007873,2000,0,20,3,1,0,441.443726,160000
81,180.781362,180.781677,0.050000,100000,0.007700,2000,0,20,3,1,0,441.443726,162000
82,173.124866,173.124695,0.050000,100000,0.009055,2000,0,19,3,1,0,441.443726,164000
83,173.420592,173.420319,0.050000,100000,0.008877,2000,0,20,3,1,0,441.443726,166000
84,181.315975,181.315994,0.050000,100000,0.008957,2000,0,20,3,1,0,441.443726,168000
85,-111.813551,-111.812752,0.050000,100000,0.008525,2000,0,4,1,1,0,441.443726,170000
86,-111.130829,-111.129974,0.050000,100000,0.007320,2000,0,4,1,1,0,441.443726,172000
87,175.661388,175.661407,0.050000,100000,0.008489,2000,0,19,3,1,0,441.443726,174000
88,182.151273,182.151459,0.050000,100000,0.009790,2000,0,20,3,1,0,441.443726,176000
89,95.207253,95.207184,0.050000,100000,0.009403,2000,0,12,2,1,0,441.443726,178000
90,177.289649,177.289627,0.050000,100000,0.009089,2000,0,20,3,1,0,441.443726,180000
91,165.422817,165.422852,0.050000,100000,0.009784,2000,0,19,3,1,0,441.443726,182000
92,174.184936,174.184830,0.050000,100000,0.008357,2000,0,19,3,1,0,441.443726,184000
93,180.772337,180.772385,0.050000,100000,0.008350,2000,0,20,3,1,0,441.443726,186000
94,175.450361,175.450302,0.050000,100000,0.009147,2000,0,19,3,1,0,441.443726,188000
95,173.301133,173.301376,0.050000,100000,0.010017,2000,0,19,3,1,0,441.443726,190000
96,180.038622,180.038574,0.050000,100000,0.007283,2000,0,20,3,1,0,441.443726,192000
97,171.578061,171.578201,0.050000,100000,0.007314,2000,0,19,3,1,0,441.443726,194000
98,183.046355,183.046295,0.050000,100000,0.007727,2000,0,20,3,1,0,441.443726,196000
99,-106.605873,-106.605637,0.050000,100000,0.007479,2000,0,4,1,1,0,441.443726,198000
100,175.661801,175.661514,0.050000,100000,0.009051,2000,0,19,3,1,0,441.443726,200000
101,17.064330,17.064737,0.050000,100000,0.007831,2000,0,11,2,1,0,441.443726,202000
102,176.233525,176.233566,0.050000,100000,0.007488,2000,0,20,3,1,0,441.443726,204000
103,158.378168,158.378571,0.050000,100000,0.006980,2000,0,18,3,1,0,441.443726,206000
104,90.450555,90.450615,0.050000,100000,0.007853,2000,0,12,2,1,0,441.443726,208000
105,174.890886,174.890915,0.050000,100000,0.007958,2000,0,19,3,1,0,441.443726,210000
106,171.569879,171.570007,0.050000,100000,0.008117,2000,0,19,3,1,0,441.443726,212000
107,173.864471,173.864288,0.050000,100000,0.008090,2000,0,19,3,1,0,441.443726,214000
108,161.282776,161.282883,0.050000,100000,0.007571,2000,0,18,3,1,0,441.443726,216000
109,-85.511946,-85.511810,0.050000,100000,0.007275,2000,0,3,1,1,0,441.443726,218000
110,169.173171,169.173431,0.050000,100000,0.009489,2000,0,19,3,1,0,441.443726,220000
111,-76.243673,-76.243919,0.050000,100000,0.008316,2000,0,6,1,1,0,441.443726,222000
112,-1048.133003,-1048.113770,0.050000,100000,0.009357,2000,801,5,1,1,0,441.443726,224000
113,170.568967,170.569031,0.050000,100000,0.010493,2000,0,19,3,1,0,441.443726,226000
114,35.684340,35.685238,0.050000,100000,0.009195,2000,0,12,2,1,0,441.443726,228000
115,99.828809,99.828857,0.050000,100000,0.008902,2000,0,12,2,1,0,441.443726,230000
116,-131.466519,-131.465256,0.050000,100000,0.007987,2000,0,3,1,1,0,441.443726,232000
117,-91.013637,-91.013565,0.050000,100000,0.009490,2000,0,5,1,1,0,441.443726,234000
118,-92.241442,-92.241280,0.050000,100000,0.009751,2000,0,5,1,1,0,441.443726,236000
119,-91.010998,-91.010887,0.050000,100000,0.009594,2000,0,5,1,1,0,441.443726,238000
120,169.767846,169.767944,0.050000,100000,0.009729,2000,0,19,3,1,0,441.443726,240000
121,-22.673340,-22.673550,0.050000,100000,0.008695,2000,0,5,1,1,0,441.443726,242000
122,170.515604,170.515503,0.050000,100000,0.009524,2000,0,19,3,1,0,441.443726,244000
123,1.657219,1.657175,0.050000,100000,0.011054,2000,0,5,1,1,0,441.443726,246000
124,171.682066,171.682190,0.050000,100000,0.010116,2000,0,19,3,1,0,441.443726,248000
125,177.304686,177.304642,0.050000,100000,0.009192,2000,0,20,3,1,0,441.443726,250000
126,98.358589,98.358543,0.050000,100000,0.010111,2000,0,10,2,1,0,441.443726,252000
127,179.899678,179.899902,0.050000,100000,0.009645,2000,0,20,3,1,0,441.443726,254000
128,39.111352,39.111328,0.050000,100000,0.010565,2000,0,5,1,1,0,441.443726,256000
129,172.774226,172.774460,0.050000,100000,0.009988,2000,0,19,3,1,0,441.443726,258000
130,170.688392,170.688293,0.050000,100000,0.010601,2000,0,19,3,1,0,441.443726,260000
131,176.691606,176.691498,0.050000,100000,0.011338,2000,0,20,3,1,0,441.443726,262000
132,182.844229,182.844498,0.050000,100000,0.010899,2000,0,20,3,1,0,441.443726,264000
133,181.270605,181.270813,0.050000,100000,0.010382,2000,0,20,3,1,0,441.443726,266000
134,182.258549,182.258667,0.050000,100000,0.010046,2000,0,20,3,1,0,441.443726,268000
135,182.999645,182.999786,0.050000,100000,0.010728,2000,0,20,3,1,0,441.443726,270000
136,174.058174,174.058304,0.050000,100000,0.010494,2000,0,20,3,1,0,441.443726,272000
137,181.351277,181.351120,0.050000,100000,0.009101,2000,0,20,3,1,0,441.443726,274000
138,173.530044,173.530167,0.050000,100000,0.010337,2000,0,19,3,1,0,441.443726,276000
139,172.523031,172.522888,0.050000,100000,0.009498,2000,0,19,3,1,0,441.443726,278000
140,181.415280,181.415115,0.050000,100000,0.011195,2000,0,20,3,1,0,441.443726,280000
141,176.057974,176.058029,0.050000,100000,0.009799,2000,0,20,3,1,0,441.443726,282000
142,143.318926,143.320221,0.050000,100000,0.010969,2000,0,16,3,1,0,441.443726,284000
143,171.109323,171.109497,0.050000,100000,0.008491,2000,0,19,3,1,0,441.443726,286000
144,173.760570,173.760666,0.050000,100000,0.010634,2000,0,20,3,1,0,441.443726,288000
145,161.649408,161.649185,0.050000,100000,0.010144,2000,0,19,3,1,0,441.443726,290000
146,157.394096,157.394073,0.050000,100000,0.010495,2000,0,18,3,1,0,441.443726,292000
147,65.774782,65.774689,0.050000,100000,0.009468,2000,0,10,2,1,0,441.443726,294000
148,157.014358,157.014389,0.050000,100000,0.009253,2000,0,18,3,1,0,441.443726,296000
149,167.169243,167.169250,0.050000,100000,0.010211,2000,0,19,3,1,0,441.443726,298000
150,65.330276,65.330162,0.050000,100000,0.011378,2000,0,10,2,1,0,441.443726,300000
151,143.093858,143.094498,0.050000,100000,0.010472,2000,0,17,3,1,0,441.443726,302000
152,143.589811,143.590607,0.050000,100000,0.009822,2000,0,17,3,1,0,441.443726,304000
153,157.824347,157.824234,0.050000,100000,0.009477,2000,0,18,3,1,0,441.443726,306000
154,164.787694,164.787857,0.050000,100000,0.011109,2000,0,19,3,1,0,441.443726,308000
155,164.294702,164.294693,0.050000,100000,0.009287,2000,0,19,3,1,0,441.443726,310000
156,156.581641,156.581573,0.050000,100000,0.011119,2000,0,18,3,1,0,441.443726,312000
157,162.983077,162.983063,0.050000,100000,0.012106,2000,0,19,3,1,0,441.443726,314000
158,163.466422,163.466263,0.050000,100000,0.010235,2000,0,19,3,1,0,441.443726,316000
159,170.060493,170.060623,0.050000,100000,0.010365,2000,0,19,3,1,0,441.443726,318000
160,178.985569,178.985626,0.050000,100000,0.010240,2000,0,20,3,1,0,441.443726,320000
161,13.328024,13.327801,0.050000,100000,0.009480,2000,0,5,1,1,0,441.443726,322000
162,165.508732,165.508896,0.050000,100000,0.011377,2000,0,19,3,1,0,441.443726,324000
163,170.786852,170.787125,0.050000,100000,0.008151,2000,0,19,3,1,0,441.443726,326000
164,172.762810,172.762650,0.050000,100000,0.010376,2000,0,20,3,1,0,441.443726,328000
165,180.316009,180.315979,0.050000,100000,0.010703,2000,0,20,3,1,0,441.443726,330000
166,175.988477,175.988693,0.050000,100000,0.009830,2000,0,20,3,1,0,441.443726,332000
167,179.695133,179.695282,0.050000,100000,0.008733,2000,0,20,3,1,0,441.443726,334000
168,171.568506,171.568619,0.050000,100000,0.008605,2000,0,19,3,1,0,441.443726,336000
169,178.853735,178.853958,0.050000,100000,0.009700,2000,0,20,3,1,0,441.443726,338000
170,170.221853,170.221970,0.050000,100000,0.011623,2000,0,19,3,1,0,441.443726,340000
171,171.137348,171.137451,0.050000,100000,0.008362,2000,0,19,3,1,0,441.443726,342000
172,178.986651,178.986710,0.050000,100000,0.009090,2000,0,20,3,1,0,441.443726,344000
173,176.256463,176.256622,0.050000,100000,0.008887,2000,0,20,3,1,0,441.443726,346000
174,176.940534,176.940552,0.050000,100000,0.008860,2000,0,20,3,1,0,441.443726,348000
175,176.078027,176.078110,0.050000,100000,0.009725,2000,0,19,3,1,0,441.443726,350000
176,168.657516,168.657501,0.050000,100000,0.008849,2000,0,19,3,1,0,441.443726,352000
177,173.457959,173.457932,0.050000,100000,0.009467,2000,0,19,3,1,0,441.443726,354000
178,174.483326,174.483597,0.050000,100000,0.008313,2000,0,19,3,1,0,441.443726,356000
179,176.782514,176.782639,0.050000,100000,0.008508,2000,0,20,3,1,0,441.443726,358000
180,176.749230,176.749237,0.050000,100000,0.007723,2000,0,20,3,1,0,441.443726,360000
181,178.060551,178.060425,0.050000,100000,0.008742,2000,0,20,3,1,0,441.443726,362000
182,177.654206,177.654266,0.050000,100000,0.007418,2000,0,20,3,1,0,441.443726,364000
183,180.825190,180.825333,0.050000,100000,0.008148,2000,0,20,3,1,0,441.443726,366000
184,172.571911,172.571991,0.050000,100000,0.007809,2000,0,19,3,1,0,441.443726,368000
185,170.812511,170.812592,0.050000,100000,0.006695,2000,0,19,3,1,0,441.443726,370000
